Workbook

Sheet 00_통합대시보드
A1: 🚀 삼성 코딩테스트 & 정보보안기사 통합 진척도 대시보드
A2: 52주 학습 잔디밭 & 실시간 진도율 관제
A4: 🔥 1일 평균 풀이량 | O4: 📊 난이도별 풀이 (총 100제) | AC4: 💻 전체 진척 및 잔여량 | AQ4: 🛡️ 정보보안기사 필기
A5: =ROUND(COUNTIF('02_SWEA_통합_코딩테스트_DB'!$F$4:$F$1260, "<>") / 30, 2) & " 문제 / 일" | O5: D1:41 · D2:43 · D3:12 · D4:2 · D8:1 | AC5: =COUNTIF('02_SWEA_통합_코딩테스트_DB'!$F$4:$F$1260, "<>") & " / " & X37 & "제 (잔여 " & (X37 - COUNTIF('02_SWEA_통합_코딩테스트_DB'!$F$4:$F$1260, "<>")) & "제)" | AQ5: =COUNTIF('03_보안기사_필기_DB'!$I$4:$I$46, "<>") & " / 43섹션 (" & TEXT(COUNTIF('03_보안기사_필기_DB'!$I$4:$I$46, "<>")/43, "0.0%") & ")"
A6: 실활동 30일 기준 (9월: 3.1제/일) | O6: D1 100% · D2 75% · D3 5.6% · D4 1.0% | AC6: 전체 진도율 9.2% (전체 81일 기준 1.2제/일) | AQ6: ="1차 CBT D-" & (DATE(2027,2,15)-TODAY()) & " (02.15) | 2차 실기 D-" & (DATE(2027,4,10)-TODAY())
A8: 🌿 [52주 학습 잔디밭] 코딩테스트 & 보안기사 일일 학습 히트맵
A9: 월별 | C9: =TEXT(DATE(2026,8,24)+0*7, "yy.mm") | D9: =TEXT(DATE(2026,8,24)+1*7, "yy.mm") | E9: =TEXT(DATE(2026,8,24)+2*7, "yy.mm") | F9: =TEXT(DATE(2026,8,24)+3*7, "yy.mm") | G9: =TEXT(DATE(2026,8,24)+4*7, "yy.mm") | H9: =TEXT(DATE(2026,8,24)+5*7, "yy.mm") | I9: =TEXT(DATE(2026,8,24)+6*7, "yy.mm") | J9: =TEXT(DATE(2026,8,24)+7*7, "yy.mm") | K9: =TEXT(DATE(2026,8,24)+8*7, "yy.mm") | L9: =TEXT(DATE(2026,8,24)+9*7, "yy.mm") | M9: =TEXT(DATE(2026,8,24)+10*7, "yy.mm") | N9: =TEXT(DATE(2026,8,24)+11*7, "yy.mm") | O9: =TEXT(DATE(2026,8,24)+12*7, "yy.mm") | P9: =TEXT(DATE(2026,8,24)+13*7, "yy.mm") | Q9: =TEXT(DATE(2026,8,24)+14*7, "yy.mm") | R9: =TEXT(DATE(2026,8,24)+15*7, "yy.mm") | S9: =TEXT(DATE(2026,8,24)+16*7, "yy.mm") | T9: =TEXT(DATE(2026,8,24)+17*7, "yy.mm") | U9: =TEXT(DATE(2026,8,24)+18*7, "yy.mm") | V9: =TEXT(DATE(2026,8,24)+19*7, "yy.mm") | W9: =TEXT(DATE(2026,8,24)+20*7, "yy.mm") | X9: =TEXT(DATE(2026,8,24)+21*7, "yy.mm") | Y9: =TEXT(DATE(2026,8,24)+22*7, "yy.mm") | Z9: =TEXT(DATE(2026,8,24)+23*7, "yy.mm") | AA9: =TEXT(DATE(2026,8,24)+24*7, "yy.mm") | AB9: =TEXT(DATE(2026,8,24)+25*7, "yy.mm") | AC9: =TEXT(DATE(2026,8,24)+26*7, "yy.mm") | AD9: =TEXT(DATE(2026,8,24)+27*7, "yy.mm") | AE9: =TEXT(DATE(2026,8,24)+28*7, "yy.mm") | AF9: =TEXT(DATE(2026,8,24)+29*7, "yy.mm") | AG9: =TEXT(DATE(2026,8,24)+30*7, "yy.mm") | AH9: =TEXT(DATE(2026,8,24)+31*7, "yy.mm") | AI9: =TEXT(DATE(2026,8,24)+32*7, "yy.mm") | AJ9: =TEXT(DATE(2026,8,24)+33*7, "yy.mm") | AK9: =TEXT(DATE(2026,8,24)+34*7, "yy.mm") | AL9: =TEXT(DATE(2026,8,24)+35*7, "yy.mm") | AM9: =TEXT(DATE(2026,8,24)+36*7, "yy.mm") | AN9: =TEXT(DATE(2026,8,24)+37*7, "yy.mm") | AO9: =TEXT(DATE(2026,8,24)+38*7, "yy.mm") | AP9: =TEXT(DATE(2026,8,24)+39*7, "yy.mm") | AQ9: =TEXT(DATE(2026,8,24)+40*7, "yy.mm") | AR9: =TEXT(DATE(2026,8,24)+41*7, "yy.mm") | AS9: =TEXT(DATE(2026,8,24)+42*7, "yy.mm") | AT9: =TEXT(DATE(2026,8,24)+43*7, "yy.mm") | AU9: =TEXT(DATE(2026,8,24)+44*7, "yy.mm") | AV9: =TEXT(DATE(2026,8,24)+45*7, "yy.mm") | AW9: =TEXT(DATE(2026,8,24)+46*7, "yy.mm") | AX9: =TEXT(DATE(2026,8,24)+47*7, "yy.mm") | AY9: =TEXT(DATE(2026,8,24)+48*7, "yy.mm") | AZ9: =TEXT(DATE(2026,8,24)+49*7, "yy.mm") | BA9: =TEXT(DATE(2026,8,24)+50*7, "yy.mm") | BB9: =TEXT(DATE(2026,8,24)+51*7, "yy.mm") | BC9: =TEXT(DATE(2026,8,24)+52*7, "yy.mm")
A10: 주차 | C10: =IF(AND(DATE(2026,8,24)+0*7<=TODAY(), TODAY()<=DATE(2026,8,24)+0*7+6), "📍W01", "W01") | D10: =IF(AND(DATE(2026,8,24)+1*7<=TODAY(), TODAY()<=DATE(2026,8,24)+1*7+6), "📍W02", "W02") | E10: =IF(AND(DATE(2026,8,24)+2*7<=TODAY(), TODAY()<=DATE(2026,8,24)+2*7+6), "📍W03", "W03") | F10: =IF(AND(DATE(2026,8,24)+3*7<=TODAY(), TODAY()<=DATE(2026,8,24)+3*7+6), "📍W04", "W04") | G10: =IF(AND(DATE(2026,8,24)+4*7<=TODAY(), TODAY()<=DATE(2026,8,24)+4*7+6), "📍W05", "W05") | H10: =IF(AND(DATE(2026,8,24)+5*7<=TODAY(), TODAY()<=DATE(2026,8,24)+5*7+6), "📍W06", "W06") | I10: =IF(AND(DATE(2026,8,24)+6*7<=TODAY(), TODAY()<=DATE(2026,8,24)+6*7+6), "📍W07", "W07") | J10: =IF(AND(DATE(2026,8,24)+7*7<=TODAY(), TODAY()<=DATE(2026,8,24)+7*7+6), "📍W08", "W08") | K10: =IF(AND(DATE(2026,8,24)+8*7<=TODAY(), TODAY()<=DATE(2026,8,24)+8*7+6), "📍W09", "W09") | L10: =IF(AND(DATE(2026,8,24)+9*7<=TODAY(), TODAY()<=DATE(2026,8,24)+9*7+6), "📍W10", "W10") | M10: =IF(AND(DATE(2026,8,24)+10*7<=TODAY(), TODAY()<=DATE(2026,8,24)+10*7+6), "📍W11", "W11") | N10: =IF(AND(DATE(2026,8,24)+11*7<=TODAY(), TODAY()<=DATE(2026,8,24)+11*7+6), "📍W12", "W12") | O10: =IF(AND(DATE(2026,8,24)+12*7<=TODAY(), TODAY()<=DATE(2026,8,24)+12*7+6), "📍W13", "W13") | P10: =IF(AND(DATE(2026,8,24)+13*7<=TODAY(), TODAY()<=DATE(2026,8,24)+13*7+6), "📍W14", "W14") | Q10: =IF(AND(DATE(2026,8,24)+14*7<=TODAY(), TODAY()<=DATE(2026,8,24)+14*7+6), "📍W15", "W15") | R10: =IF(AND(DATE(2026,8,24)+15*7<=TODAY(), TODAY()<=DATE(2026,8,24)+15*7+6), "📍W16", "W16") | S10: =IF(AND(DATE(2026,8,24)+16*7<=TODAY(), TODAY()<=DATE(2026,8,24)+16*7+6), "📍W17", "W17") | T10: =IF(AND(DATE(2026,8,24)+17*7<=TODAY(), TODAY()<=DATE(2026,8,24)+17*7+6), "📍W18", "W18") | U10: =IF(AND(DATE(2026,8,24)+18*7<=TODAY(), TODAY()<=DATE(2026,8,24)+18*7+6), "📍W19", "W19") | V10: =IF(AND(DATE(2026,8,24)+19*7<=TODAY(), TODAY()<=DATE(2026,8,24)+19*7+6), "📍W20", "W20") | W10: =IF(AND(DATE(2026,8,24)+20*7<=TODAY(), TODAY()<=DATE(2026,8,24)+20*7+6), "📍W21", "W21") | X10: =IF(AND(DATE(2026,8,24)+21*7<=TODAY(), TODAY()<=DATE(2026,8,24)+21*7+6), "📍W22", "W22") | Y10: =IF(AND(DATE(2026,8,24)+22*7<=TODAY(), TODAY()<=DATE(2026,8,24)+22*7+6), "📍W23", "W23") | Z10: =IF(AND(DATE(2026,8,24)+23*7<=TODAY(), TODAY()<=DATE(2026,8,24)+23*7+6), "📍W24", "W24") | AA10: =IF(AND(DATE(2026,8,24)+24*7<=TODAY(), TODAY()<=DATE(2026,8,24)+24*7+6), "📍W25", "W25") | AB10: =IF(AND(DATE(2026,8,24)+25*7<=TODAY(), TODAY()<=DATE(2026,8,24)+25*7+6), "📍W26", "W26") | AC10: =IF(AND(DATE(2026,8,24)+26*7<=TODAY(), TODAY()<=DATE(2026,8,24)+26*7+6), "📍W27", "W27") | AD10: =IF(AND(DATE(2026,8,24)+27*7<=TODAY(), TODAY()<=DATE(2026,8,24)+27*7+6), "📍W28", "W28") | AE10: =IF(AND(DATE(2026,8,24)+28*7<=TODAY(), TODAY()<=DATE(2026,8,24)+28*7+6), "📍W29", "W29") | AF10: =IF(AND(DATE(2026,8,24)+29*7<=TODAY(), TODAY()<=DATE(2026,8,24)+29*7+6), "📍W30", "W30") | AG10: =IF(AND(DATE(2026,8,24)+30*7<=TODAY(), TODAY()<=DATE(2026,8,24)+30*7+6), "📍W31", "W31") | AH10: =IF(AND(DATE(2026,8,24)+31*7<=TODAY(), TODAY()<=DATE(2026,8,24)+31*7+6), "📍W32", "W32") | AI10: =IF(AND(DATE(2026,8,24)+32*7<=TODAY(), TODAY()<=DATE(2026,8,24)+32*7+6), "📍W33", "W33") | AJ10: =IF(AND(DATE(2026,8,24)+33*7<=TODAY(), TODAY()<=DATE(2026,8,24)+33*7+6), "📍W34", "W34") | AK10: =IF(AND(DATE(2026,8,24)+34*7<=TODAY(), TODAY()<=DATE(2026,8,24)+34*7+6), "📍W35", "W35") | AL10: =IF(AND(DATE(2026,8,24)+35*7<=TODAY(), TODAY()<=DATE(2026,8,24)+35*7+6), "📍W36", "W36") | AM10: =IF(AND(DATE(2026,8,24)+36*7<=TODAY(), TODAY()<=DATE(2026,8,24)+36*7+6), "📍W37", "W37") | AN10: =IF(AND(DATE(2026,8,24)+37*7<=TODAY(), TODAY()<=DATE(2026,8,24)+37*7+6), "📍W38", "W38") | AO10: =IF(AND(DATE(2026,8,24)+38*7<=TODAY(), TODAY()<=DATE(2026,8,24)+38*7+6), "📍W39", "W39") | AP10: =IF(AND(DATE(2026,8,24)+39*7<=TODAY(), TODAY()<=DATE(2026,8,24)+39*7+6), "📍W40", "W40") | AQ10: =IF(AND(DATE(2026,8,24)+40*7<=TODAY(), TODAY()<=DATE(2026,8,24)+40*7+6), "📍W41", "W41") | AR10: =IF(AND(DATE(2026,8,24)+41*7<=TODAY(), TODAY()<=DATE(2026,8,24)+41*7+6), "📍W42", "W42") | AS10: =IF(AND(DATE(2026,8,24)+42*7<=TODAY(), TODAY()<=DATE(2026,8,24)+42*7+6), "📍W43", "W43") | AT10: =IF(AND(DATE(2026,8,24)+43*7<=TODAY(), TODAY()<=DATE(2026,8,24)+43*7+6), "📍W44", "W44") | AU10: =IF(AND(DATE(2026,8,24)+44*7<=TODAY(), TODAY()<=DATE(2026,8,24)+44*7+6), "📍W45", "W45") | AV10: =IF(AND(DATE(2026,8,24)+45*7<=TODAY(), TODAY()<=DATE(2026,8,24)+45*7+6), "📍W46", "W46") | AW10: =IF(AND(DATE(2026,8,24)+46*7<=TODAY(), TODAY()<=DATE(2026,8,24)+46*7+6), "📍W47", "W47") | AX10: =IF(AND(DATE(2026,8,24)+47*7<=TODAY(), TODAY()<=DATE(2026,8,24)+47*7+6), "📍W48", "W48") | AY10: =IF(AND(DATE(2026,8,24)+48*7<=TODAY(), TODAY()<=DATE(2026,8,24)+48*7+6), "📍W49", "W49") | AZ10: =IF(AND(DATE(2026,8,24)+49*7<=TODAY(), TODAY()<=DATE(2026,8,24)+49*7+6), "📍W50", "W50") | BA10: =IF(AND(DATE(2026,8,24)+50*7<=TODAY(), TODAY()<=DATE(2026,8,24)+50*7+6), "📍W51", "W51") | BB10: =IF(AND(DATE(2026,8,24)+51*7<=TODAY(), TODAY()<=DATE(2026,8,24)+51*7+6), "📍W52", "W52") | BC10: =IF(AND(DATE(2026,8,24)+52*7<=TODAY(), TODAY()<=DATE(2026,8,24)+52*7+6), "📍W53", "W53")
A11: 월 (Mon) | C11: =COUNTIFS('02_SWEA_통합_코딩테스트_DB'!$F$4:$F$1260, DATE(2026,8,24)+0*7+0, '02_SWEA_통합_코딩테스트_DB'!$J$4:$J$1260, "<>보류*") + COUNTIFS('02_SWEA_통합_코딩테스트_DB'!$G$4:$G$1260, DATE(2026,8,24)+0*7+0, '02_SWEA_통합_코딩테스트_DB'!$J$4:$J$1260, "<>보류*") + COUNTIFS('02_SWEA_통합_코딩테스트_DB'!$H$4:$H$1260, DATE(2026,8,24)+0*7+0, '02_SWEA_통합_코딩테스트_DB'!$J$4:$J$1260, "<>보류*") + COUNTIFS('02_SWEA_통합_코딩테스트_DB'!$I$4:$I$1260, DATE(2026,8,24)+0*7+0, '02_SWEA_통합_코딩테스트_DB'!$J$4:$J$1260, "<>보류*") + COUNTIF('03_보안기사_필기_DB'!$I$4:$M$100, DATE(2026,8,24)+0*7+0) + COUNTIF('04_보안기사_실기_DB'!$G$4:$I$30, DATE(2026,8,24)+0*7+0) + COUNTIF('08_빅분기_필기_DB'!$I$4:$K$34, DATE(2026,8,24)+0*7+0) + COUNTIF('09_빅분기_실기_DB'!$H$4:$I$25, DATE(2026,8,24)+0*7+0) | D11: =COUNTIFS('02_SWEA_통합_코딩테스트_DB'!$F$4:$F$1260, DATE(2026,8,24)+1*7+0, '02_SWEA_통합_코딩테스트_DB'!$J$4:$J$1260, "<>보류*") + COUNTIFS('02_SWEA_통합_코딩테스트_DB'!$G$4:$G$1260, DATE(2026,8,24)+1*7+0, '02_SWEA_통합_코딩테스트_DB'!$J$4:$J$1260, "<>보류*") + COUNTIFS('02_SWEA_통합_코딩테스트_DB'!$H$4:$H$1260, DATE(2026,8,24)+1*7+0, '02_SWEA_통합_코딩테스트_DB'!$J$4:$J$1260, "<>보류*") + COUNTIFS('02_SWEA_통합_코딩테스트_DB'!$I$4:$I$1260, DATE(2026,8,24)+1*7+0, '02_SWEA_통합_코딩테스트_DB'!$J$4:$J$1260, "<>보류*") + COUNTIF('03_보안기사_필기_DB'!$I$4:$M$100, DATE(2026,8,24)+1*7+0) + COUNTIF('04_보안기사_실기_DB'!$G$4:$I$30, DATE(2026,8,24)+1*7+0) + COUNTIF('08_빅분기_필기_DB'!$I$4:$K$34, DATE(2026,8,24)+1*7+0) + COUNTIF('09_빅분기_실기_DB'!$H$4:$I$25, DATE(2026,8,24)+1*7+0) | E11: =COUNTIFS('02_SWEA_통합_코딩테스트_DB'!$F$4:$F$1260, DATE(2026,8,24)+2*7+0, '02_SWEA_통합_코딩테스트_DB'!$J$4:$J$1260, "<>보류*") + COUNTIFS('02_SWEA_통합_코딩테스트_DB'!$G$4:$G$1260, DATE(2026,8,24)+2*7+0, '02_SWEA_통합_코딩테스트_DB'!$J$4:$J$1260, "<>보류*") + COUNTIFS('02_SWEA_통합_코딩테스트_DB'!$H$4:$H$1260, DATE(2026,8,24)+2*7+0, '02_SWEA_통합_코딩테스트_DB'!$J$4:$J$1260, "<>보류*") + COUNTIFS('02_SWEA_통합_코딩테스트_DB'!$I$4:$I$1260, DATE(2026,8,24)+2*7+0, '02_SWEA_통합_코딩테스트_DB'!$J$4:$J$1260, "<>보류*") + COUNTIF('03_보안기사_필기_DB'!$I$4:$M$100, DATE(2026,8,24)+2*7+0) + COUNTIF('04_보안기사_실기_DB'!$G$4:$I$30, DATE(2026,8,24)+2*7+0) + COUNTIF('08_빅분기_필기_DB'!$I$4:$K$34, DATE(2026,8,24)+2*7+0) + COUNTIF('09_빅분기_실기_DB'!$H$4:$I$25, DATE(2026,8,24)+2*7+0) | F11: =COUNTIFS('02_SWEA_통합_코딩테스트_DB'!$F$4:$F$1260, DATE(2026,8,24)+3*7+0, '02_SWEA_통합_코딩테스트_DB'!$J$4:$J$1260, "<>보류*") + COUNTIFS('02_SWEA_통합_코딩테스트_DB'!$G$4:$G$1260, DATE(2026,8,24)+3*7+0, '02_SWEA_통합_코딩테스트_DB'!$J$4:$J$1260, "<>보류*") + COUNTIFS('02_SWEA_통합_코딩테스트_DB'!$H$4:$H$1260, DATE(2026,8,24)+3*7+0, '02_SWEA_통합_코딩테스트_DB'!$J$4:$J$1260, "<>보류*") + COUNTIFS('02_SWEA_통합_코딩테스트_DB'!$I$4:$I$1260, DATE(2026,8,24)+3*7+0, '02_SWEA_통합_코딩테스트_DB'!$J$4:$J$1260, "<>보류*") + COUNTIF('03_보안기사_필기_DB'!$I$4:$M$100, DATE(2026,8,24)+3*7+0) + COUNTIF('04_보안기사_실기_DB'!$G$4:$I$30, DATE(2026,8,24)+3*7+0) + COUNTIF('08_빅분기_필기_DB'!$I$4:$K$34, DATE(2026,8,24)+3*7+0) + COUNTIF('09_빅분기_실기_DB'!$H$4:$I$25, DATE(2026,8,24)+3*7+0) | G11: =COUNTIFS('02_SWEA_통합_코딩테스트_DB'!$F$4:$F$1260, DATE(2026,8,24)+4*7+0, '02_SWEA_통합_코딩테스트_DB'!$J$4:$J$1260, "<>보류*") + COUNTIFS('02_SWEA_통합_코딩테스트_DB'!$G$4:$G$1260, DATE(2026,8,24)+4*7+0, '02_SWEA_통합_코딩테스트_DB'!$J$4:$J$1260, "<>보류*") + COUNTIFS('02_SWEA_통합_코딩테스트_DB'!$H$4:$H$1260, DATE(2026,8,24)+4*7+0, '02_SWEA_통합_코딩테스트_DB'!$J$4:$J$1260, "<>보류*") + COUNTIFS('02_SWEA_통합_코딩테스트_DB'!$I$4:$I$1260, DATE(2026,8,24)+4*7+0, '02_SWEA_통합_코딩테스트_DB'!$J$4:$J$1260, "<>보류*") + COUNTIF('03_보안기사_필기_DB'!$I$4:$M$100, DATE(2026,8,24)+4*7+0) + COUNTIF('04_보안기사_실기_DB'!$G$4:$I$30, DATE(2026,8,24)+4*7+0) + COUNTIF('08_빅분기_필기_DB'!$I$4:$K$34, DATE(2026,8,24)+4*7+0) + COUNTIF('09_빅분기_실기_DB'!$H$4:$I$25, DATE(2026,8,24)+4*7+0) | H11: =COUNTIFS('02_SWEA_통합_코딩테스트_DB'!$F$4:$F$1260, DATE(2026,8,24)+5*7+0, '02_SWEA_통합_코딩테스트_DB'!$J$4:$J$1260, "<>보류*") + COUNTIFS('02_SWEA_통합_코딩테스트_DB'!$G$4:$G$1260, DATE(2026,8,24)+5*7+0, '02_SWEA_통합_코딩테스트_DB'!$J$4:$J$1260, "<>보류*") + COUNTIFS('02_SWEA_통합_코딩테스트_DB'!$H$4:$H$1260, DATE(2026,8,24)+5*7+0, '02_SWEA_통합_코딩테스트_DB'!$J$4:$J$1260, "<>보류*") + COUNTIFS('02_SWEA_통합_코딩테스트_DB'!$I$4:$I$1260, DATE(2026,8,24)+5*7+0, '02_SWEA_통합_코딩테스트_DB'!$J$4:$J$1260, "<>보류*") + COUNTIF('03_보안기사_필기_DB'!$I$4:$M$100, DATE(2026,8,24)+5*7+0) + COUNTIF('04_보안기사_실기_DB'!$G$4:$I$30, DATE(2026,8,24)+5*7+0) + COUNTIF('08_빅분기_필기_DB'!$I$4:$K$34, DATE(2026,8,24)+5*7+0) + COUNTIF('09_빅분기_실기_DB'!$H$4:$I$25, DATE(2026,8,24)+5*7+0) | I11: =COUNTIFS('02_SWEA_통합_코딩테스트_DB'!$F$4:$F$1260, DATE(2026,8,24)+6*7+0, '02_SWEA_통합_코딩테스트_DB'!$J$4:$J$1260, "<>보류*") + COUNTIFS('02_SWEA_통합_코딩테스트_DB'!$G$4:$G$1260, DATE(2026,8,24)+6*7+0, '02_SWEA_통합_코딩테스트_DB'!$J$4:$J$1260, "<>보류*") + COUNTIFS('02_SWEA_통합_코딩테스트_DB'!$H$4:$H$1260, DATE(2026,8,24)+6*7+0, '02_SWEA_통합_코딩테스트_DB'!$J$4:$J$1260, "<>보류*") + COUNTIFS('02_SWEA_통합_코딩테스트_DB'!$I$4:$I$1260, DATE(2026,8,24)+6*7+0, '02_SWEA_통합_코딩테스트_DB'!$J$4:$J$1260, "<>보류*") + COUNTIF('03_보안기사_필기_DB'!$I$4:$M$100, DATE(2026,8,24)+6*7+0) + COUNTIF('04_보안기사_실기_DB'!$G$4:$I$30, DATE(2026,8,24)+6*7+0) + COUNTIF('08_빅분기_필기_DB'!$I$4:$K$34, DATE(2026,8,24)+6*7+0) + COUNTIF('09_빅분기_실기_DB'!$H$4:$I$25, DATE(2026,8,24)+6*7+0) | J11: =COUNTIFS('02_SWEA_통합_코딩테스트_DB'!$F$4:$F$1260, DATE(2026,8,24)+7*7+0, '02_SWEA_통합_코딩테스트_DB'!$J$4:$J$1260, "<>보류*") + COUNTIFS('02_SWEA_통합_코딩테스트_DB'!$G$4:$G$1260, DATE(2026,8,24)+7*7+0, '02_SWEA_통합_코딩테스트_DB'!$J$4:$J$1260, "<>보류*") + COUNTIFS('02_SWEA_통합_코딩테스트_DB'!$H$4:$H$1260, DATE(2026,8,24)+7*7+0, '02_SWEA_통합_코딩테스트_DB'!$J$4:$J$1260, "<>보류*") + COUNTIFS('02_SWEA_통합_코딩테스트_DB'!$I$4:$I$1260, DATE(2026,8,24)+7*7+0, '02_SWEA_통합_코딩테스트_DB'!$J$4:$J$1260, "<>보류*") + COUNTIF('03_보안기사_필기_DB'!$I$4:$M$100, DATE(2026,8,24)+7*7+0) + COUNTIF('04_보안기사_실기_DB'!$G$4:$I$30, DATE(2026,8,24)+7*7+0) + COUNTIF('08_빅분기_필기_DB'!$I$4:$K$34, DATE(2026,8,24)+7*7+0) + COUNTIF('09_빅분기_실기_DB'!$H$4:$I$25, DATE(2026,8,24)+7*7+0) | K11: =COUNTIFS('02_SWEA_통합_코딩테스트_DB'!$F$4:$F$1260, DATE(2026,8,24)+8*7+0, '02_SWEA_통합_코딩테스트_DB'!$J$4:$J$1260, "<>보류*") + COUNTIFS('02_SWEA_통합_코딩테스트_DB'!$G$4:$G$1260, DATE(2026,8,24)+8*7+0, '02_SWEA_통합_코딩테스트_DB'!$J$4:$J$1260, "<>보류*") + COUNTIFS('02_SWEA_통합_코딩테스트_DB'!$H$4:$H$1260, DATE(2026,8,24)+8*7+0, '02_SWEA_통합_코딩테스트_DB'!$J$4:$J$1260, "<>보류*") + COUNTIFS('02_SWEA_통합_코딩테스트_DB'!$I$4:$I$1260, DATE(2026,8,24)+8*7+0, '02_SWEA_통합_코딩테스트_DB'!$J$4:$J$1260, "<>보류*") + COUNTIF('03_보안기사_필기_DB'!$I$4:$M$100, DATE(2026,8,24)+8*7+0) + COUNTIF('04_보안기사_실기_DB'!$G$4:$I$30, DATE(2026,8,24)+8*7+0) + COUNTIF('08_빅분기_필기_DB'!$I$4:$K$34, DATE(2026,8,24)+8*7+0) + COUNTIF('09_빅분기_실기_DB'!$H$4:$I$25, DATE(2026,8,24)+8*7+0) | L11: =COUNTIFS('02_SWEA_통합_코딩테스트_DB'!$F$4:$F$1260, DATE(2026,8,24)+9*7+0, '02_SWEA_통합_코딩테스트_DB'!$J$4:$J$1260, "<>보류*") + COUNTIFS('02_SWEA_통합_코딩테스트_DB'!$G$4:$G$1260, DATE(2026,8,24)+9*7+0, '02_SWEA_통합_코딩테스트_DB'!$J$4:$J$1260, "<>보류*") + COUNTIFS('02_SWEA_통합_코딩테스트_DB'!$H$4:$H$1260, DATE(2026,8,24)+9*7+0, '02_SWEA_통합_코딩테스트_DB'!$J$4:$J$1260, "<>보류*") + COUNTIFS('02_SWEA_통합_코딩테스트_DB'!$I$4:$I$1260, DATE(2026,8,24)+9*7+0, '02_SWEA_통합_코딩테스트_DB'!$J$4:$J$1260, "<>보류*") + COUNTIF('03_보안기사_필기_DB'!$I$4:$M$100, DATE(2026,8,24)+9*7+0) + COUNTIF('04_보안기사_실기_DB'!$G$4:$I$30, DATE(2026,8,24)+9*7+0) + COUNTIF('08_빅분기_필기_DB'!$I$4:$K$34, DATE(2026,8,24)+9*7+0) + COUNTIF('09_빅분기_실기_DB'!$H$4:$I$25, DATE(2026,8,24)+9*7+0) | M11: =COUNTIFS('02_SWEA_통합_코딩테스트_DB'!$F$4:$F$1260, DATE(2026,8,24)+10*7+0, '02_SWEA_통합_코딩테스트_DB'!$J$4:$J$1260, "<>보류*") + COUNTIFS('02_SWEA_통합_코딩테스트_DB'!$G$4:$G$1260, DATE(2026,8,24)+10*7+0, '02_SWEA_통합_코딩테스트_DB'!$J$4:$J$1260, "<>보류*") + COUNTIFS('02_SWEA_통합_코딩테스트_DB'!$H$4:$H$1260, DATE(2026,8,24)+10*7+0, '02_SWEA_통합_코딩테스트_DB'!$J$4:$J$1260, "<>보류*") + COUNTIFS('02_SWEA_통합_코딩테스트_DB'!$I$4:$I$1260, DATE(2026,8,24)+10*7+0, '02_SWEA_통합_코딩테스트_DB'!$J$4:$J$1260, "<>보류*") + COUNTIF('03_보안기사_필기_DB'!$I$4:$M$100, DATE(2026,8,24)+10*7+0) + COUNTIF('04_보안기사_실기_DB'!$G$4:$I$30, DATE(2026,8,24)+10*7+0) + COUNTIF('08_빅분기_필기_DB'!$I$4:$K$34, DATE(2026,8,24)+10*7+0) + COUNTIF('09_빅분기_실기_DB'!$H$4:$I$25, DATE(2026,8,24)+10*7+0) | N11: =COUNTIFS('02_SWEA_통합_코딩테스트_DB'!$F$4:$F$1260, DATE(2026,8,24)+11*7+0, '02_SWEA_통합_코딩테스트_DB'!$J$4:$J$1260, "<>보류*") + COUNTIFS('02_SWEA_통합_코딩테스트_DB'!$G$4:$G$1260, DATE(2026,8,24)+11*7+0, '02_SWEA_통합_코딩테스트_DB'!$J$4:$J$1260, "<>보류*") + COUNTIFS('02_SWEA_통합_코딩테스트_DB'!$H$4:$H$1260, DATE(2026,8,24)+11*7+0, '02_SWEA_통합_코딩테스트_DB'!$J$4:$J$1260, "<>보류*") + COUNTIFS('02_SWEA_통합_코딩테스트_DB'!$I$4:$I$1260, DATE(2026,8,24)+11*7+0, '02_SWEA_통합_코딩테스트_DB'!$J$4:$J$1260, "<>보류*") + COUNTIF('03_보안기사_필기_DB'!$I$4:$M$100, DATE(2026,8,24)+11*7+0) + COUNTIF('04_보안기사_실기_DB'!$G$4:$I$30, DATE(2026,8,24)+11*7+0) + COUNTIF('08_빅분기_필기_DB'!$I$4:$K$34, DATE(2026,8,24)+11*7+0) + COUNTIF('09_빅분기_실기_DB'!$H$4:$I$25, DATE(2026,8,24)+11*7+0) | O11: =COUNTIFS('02_SWEA_통합_코딩테스트_DB'!$F$4:$F$1260, DATE(2026,8,24)+12*7+0, '02_SWEA_통합_코딩테스트_DB'!$J$4:$J$1260, "<>보류*") + COUNTIFS('02_SWEA_통합_코딩테스트_DB'!$G$4:$G$1260, DATE(2026,8,24)+12*7+0, '02_SWEA_통합_코딩테스트_DB'!$J$4:$J$1260, "<>보류*") + COUNTIFS('02_SWEA_통합_코딩테스트_DB'!$H$4:$H$1260, DATE(2026,8,24)+12*7+0, '02_SWEA_통합_코딩테스트_DB'!$J$4:$J$1260, "<>보류*") + COUNTIFS('02_SWEA_통합_코딩테스트_DB'!$I$4:$I$1260, DATE(2026,8,24)+12*7+0, '02_SWEA_통합_코딩테스트_DB'!$J$4:$J$1260, "<>보류*") + COUNTIF('03_보안기사_필기_DB'!$I$4:$M$100, DATE(2026,8,24)+12*7+0) + COUNTIF('04_보안기사_실기_DB'!$G$4:$I$30, DATE(2026,8,24)+12*7+0) + COUNTIF('08_빅분기_필기_DB'!$I$4:$K$34, DATE(2026,8,24)+12*7+0) + COUNTIF('09_빅분기_실기_DB'!$H$4:$I$25, DATE(2026,8,24)+12*7+0) | P11: =COUNTIFS('02_SWEA_통합_코딩테스트_DB'!$F$4:$F$1260, DATE(2026,8,24)+13*7+0, '02_SWEA_통합_코딩테스트_DB'!$J$4:$J$1260, "<>보류*") + COUNTIFS('02_SWEA_통합_코딩테스트_DB'!$G$4:$G$1260, DATE(2026,8,24)+13*7+0, '02_SWEA_통합_코딩테스트_DB'!$J$4:$J$1260, "<>보류*") + COUNTIFS('02_SWEA_통합_코딩테스트_DB'!$H$4:$H$1260, DATE(2026,8,24)+13*7+0, '02_SWEA_통합_코딩테스트_DB'!$J$4:$J$1260, "<>보류*") + COUNTIFS('02_SWEA_통합_코딩테스트_DB'!$I$4:$I$1260, DATE(2026,8,24)+13*7+0, '02_SWEA_통합_코딩테스트_DB'!$J$4:$J$1260, "<>보류*") + COUNTIF('03_보안기사_필기_DB'!$I$4:$M$100, DATE(2026,8,24)+13*7+0) + COUNTIF('04_보안기사_실기_DB'!$G$4:$I$30, DATE(2026,8,24)+13*7+0) + COUNTIF('08_빅분기_필기_DB'!$I$4:$K$34, DATE(2026,8,24)+13*7+0) + COUNTIF('09_빅분기_실기_DB'!$H$4:$I$25, DATE(2026,8,24)+13*7+0) | Q11: =COUNTIFS('02_SWEA_통합_코딩테스트_DB'!$F$4:$F$1260, DATE(2026,8,24)+14*7+0, '02_SWEA_통합_코딩테스트_DB'!$J$4:$J$1260, "<>보류*") + COUNTIFS('02_SWEA_통합_코딩테스트_DB'!$G$4:$G$1260, DATE(2026,8,24)+14*7+0, '02_SWEA_통합_코딩테스트_DB'!$J$4:$J$1260, "<>보류*") + COUNTIFS('02_SWEA_통합_코딩테스트_DB'!$H$4:$H$1260, DATE(2026,8,24)+14*7+0, '02_SWEA_통합_코딩테스트_DB'!$J$4:$J$1260, "<>보류*") + COUNTIFS('02_SWEA_통합_코딩테스트_DB'!$I$4:$I$1260, DATE(2026,8,24)+14*7+0, '02_SWEA_통합_코딩테스트_DB'!$J$4:$J$1260, "<>보류*") + COUNTIF('03_보안기사_필기_DB'!$I$4:$M$100, DATE(2026,8,24)+14*7+0) + COUNTIF('04_보안기사_실기_DB'!$G$4:$I$30, DATE(2026,8,24)+14*7+0) + COUNTIF('08_빅분기_필기_DB'!$I$4:$K$34, DATE(2026,8,24)+14*7+0) + COUNTIF('09_빅분기_실기_DB'!$H$4:$I$25, DATE(2026,8,24)+14*7+0) | R11: =COUNTIFS('02_SWEA_통합_코딩테스트_DB'!$F$4:$F$1260, DATE(2026,8,24)+15*7+0, '02_SWEA_통합_코딩테스트_DB'!$J$4:$J$1260, "<>보류*") + COUNTIFS('02_SWEA_통합_코딩테스트_DB'!$G$4:$G$1260, DATE(2026,8,24)+15*7+0, '02_SWEA_통합_코딩테스트_DB'!$J$4:$J$1260, "<>보류*") + COUNTIFS('02_SWEA_통합_코딩테스트_DB'!$H$4:$H$1260, DATE(2026,8,24)+15*7+0, '02_SWEA_통합_코딩테스트_DB'!$J$4:$J$1260, "<>보류*") + COUNTIFS('02_SWEA_통합_코딩테스트_DB'!$I$4:$I$1260, DATE(2026,8,24)+15*7+0, '02_SWEA_통합_코딩테스트_DB'!$J$4:$J$1260, "<>보류*") + COUNTIF('03_보안기사_필기_DB'!$I$4:$M$100, DATE(2026,8,24)+15*7+0) + COUNTIF('04_보안기사_실기_DB'!$G$4:$I$30, DATE(2026,8,24)+15*7+0) + COUNTIF('08_빅분기_필기_DB'!$I$4:$K$34, DATE(2026,8,24)+15*7+0) + COUNTIF('09_빅분기_실기_DB'!$H$4:$I$25, DATE(2026,8,24)+15*7+0) | S11: =COUNTIFS('02_SWEA_통합_코딩테스트_DB'!$F$4:$F$1260, DATE(2026,8,24)+16*7+0, '02_SWEA_통합_코딩테스트_DB'!$J$4:$J$1260, "<>보류*") + COUNTIFS('02_SWEA_통합_코딩테스트_DB'!$G$4:$G$1260, DATE(2026,8,24)+16*7+0, '02_SWEA_통합_코딩테스트_DB'!$J$4:$J$1260, "<>보류*") + COUNTIFS('02_SWEA_통합_코딩테스트_DB'!$H$4:$H$1260, DATE(2026,8,24)+16*7+0, '02_SWEA_통합_코딩테스트_DB'!$J$4:$J$1260, "<>보류*") + COUNTIFS('02_SWEA_통합_코딩테스트_DB'!$I$4:$I$1260, DATE(2026,8,24)+16*7+0, '02_SWEA_통합_코딩테스트_DB'!$J$4:$J$1260, "<>보류*") + COUNTIF('03_보안기사_필기_DB'!$I$4:$M$100, DATE(2026,8,24)+16*7+0) + COUNTIF('04_보안기사_실기_DB'!$G$4:$I$30, DATE(2026,8,24)+16*7+0) + COUNTIF('08_빅분기_필기_DB'!$I$4:$K$34, DATE(2026,8,24)+16*7+0) + COUNTIF('09_빅분기_실기_DB'!$H$4:$I$25, DATE(2026,8,24)+16*7+0) | T11: =COUNTIFS('02_SWEA_통합_코딩테스트_DB'!$F$4:$F$1260, DATE(2026,8,24)+17*7+0, '02_SWEA_통합_코딩테스트_DB'!$J$4:$J$1260, "<>보류*") + COUNTIFS('02_SWEA_통합_코딩테스트_DB'!$G$4:$G$1260, DATE(2026,8,24)+17*7+0, '02_SWEA_통합_코딩테스트_DB'!$J$4:$J$1260, "<>보류*") + COUNTIFS('02_SWEA_통합_코딩테스트_DB'!$H$4:$H$1260, DATE(2026,8,24)+17*7+0, '02_SWEA_통합_코딩테스트_DB'!$J$4:$J$1260, "<>보류*") + COUNTIFS('02_SWEA_통합_코딩테스트_DB'!$I$4:$I$1260, DATE(2026,8,24)+17*7+0, '02_SWEA_통합_코딩테스트_DB'!$J$4:$J$1260, "<>보류*") + COUNTIF('03_보안기사_필기_DB'!$I$4:$M$100, DATE(2026,8,24)+17*7+0) + COUNTIF('04_보안기사_실기_DB'!$G$4:$I$30, DATE(2026,8,24)+17*7+0) + COUNTIF('08_빅분기_필기_DB'!$I$4:$K$34, DATE(2026,8,24)+17*7+0) + COUNTIF('09_빅분기_실기_DB'!$H$4:$I$25, DATE(2026,8,24)+17*7+0) | U11: =COUNTIFS('02_SWEA_통합_코딩테스트_DB'!$F$4:$F$1260, DATE(2026,8,24)+18*7+0, '02_SWEA_통합_코딩테스트_DB'!$J$4:$J$1260, "<>보류*") + COUNTIFS('02_SWEA_통합_코딩테스트_DB'!$G$4:$G$1260, DATE(2026,8,24)+18*7+0, '02_SWEA_통합_코딩테스트_DB'!$J$4:$J$1260, "<>보류*") + COUNTIFS('02_SWEA_통합_코딩테스트_DB'!$H$4:$H$1260, DATE(2026,8,24)+18*7+0, '02_SWEA_통합_코딩테스트_DB'!$J$4:$J$1260, "<>보류*") + COUNTIFS('02_SWEA_통합_코딩테스트_DB'!$I$4:$I$1260, DATE(2026,8,24)+18*7+0, '02_SWEA_통합_코딩테스트_DB'!$J$4:$J$1260, "<>보류*") + COUNTIF('03_보안기사_필기_DB'!$I$4:$M$100, DATE(2026,8,24)+18*7+0) + COUNTIF('04_보안기사_실기_DB'!$G$4:$I$30, DATE(2026,8,24)+18*7+0) + COUNTIF('08_빅분기_필기_DB'!$I$4:$K$34, DATE(2026,8,24)+18*7+0) + COUNTIF('09_빅분기_실기_DB'!$H$4:$I$25, DATE(2026,8,24)+18*7+0) | V11: =COUNTIFS('02_SWEA_통합_코딩테스트_DB'!$F$4:$F$1260, DATE(2026,8,24)+19*7+0, '02_SWEA_통합_코딩테스트_DB'!$J$4:$J$1260, "<>보류*") + COUNTIFS('02_SWEA_통합_코딩테스트_DB'!$G$4:$G$1260, DATE(2026,8,24)+19*7+0, '02_SWEA_통합_코딩테스트_DB'!$J$4:$J$1260, "<>보류*") + COUNTIFS('02_SWEA_통합_코딩테스트_DB'!$H$4:$H$1260, DATE(2026,8,24)+19*7+0, '02_SWEA_통합_코딩테스트_DB'!$J$4:$J$1260, "<>보류*") + COUNTIFS('02_SWEA_통합_코딩테스트_DB'!$I$4:$I$1260, DATE(2026,8,24)+19*7+0, '02_SWEA_통합_코딩테스트_DB'!$J$4:$J$1260, "<>보류*") + COUNTIF('03_보안기사_필기_DB'!$I$4:$M$100, DATE(2026,8,24)+19*7+0) + COUNTIF('04_보안기사_실기_DB'!$G$4:$I$30, DATE(2026,8,24)+19*7+0) + COUNTIF('08_빅분기_필기_DB'!$I$4:$K$34, DATE(2026,8,24)+19*7+0) + COUNTIF('09_빅분기_실기_DB'!$H$4:$I$25, DATE(2026,8,24)+19*7+0) | W11: =COUNTIFS('02_SWEA_통합_코딩테스트_DB'!$F$4:$F$1260, DATE(2026,8,24)+20*7+0, '02_SWEA_통합_코딩테스트_DB'!$J$4:$J$1260, "<>보류*") + COUNTIFS('02_SWEA_통합_코딩테스트_DB'!$G$4:$G$1260, DATE(2026,8,24)+20*7+0, '02_SWEA_통합_코딩테스트_DB'!$J$4:$J$1260, "<>보류*") + COUNTIFS('02_SWEA_통합_코딩테스트_DB'!$H$4:$H$1260, DATE(2026,8,24)+20*7+0, '02_SWEA_통합_코딩테스트_DB'!$J$4:$J$1260, "<>보류*") + COUNTIFS('02_SWEA_통합_코딩테스트_DB'!$I$4:$I$1260, DATE(2026,8,24)+20*7+0, '02_SWEA_통합_코딩테스트_DB'!$J$4:$J$1260, "<>보류*") + COUNTIF('03_보안기사_필기_DB'!$I$4:$M$100, DATE(2026,8,24)+20*7+0) + COUNTIF('04_보안기사_실기_DB'!$G$4:$I$30, DATE(2026,8,24)+20*7+0) + COUNTIF('08_빅분기_필기_DB'!$I$4:$K$34, DATE(2026,8,24)+20*7+0) + COUNTIF('09_빅분기_실기_DB'!$H$4:$I$25, DATE(2026,8,24)+20*7+0) | X11: =COUNTIFS('02_SWEA_통합_코딩테스트_DB'!$F$4:$F$1260, DATE(2026,8,24)+21*7+0, '02_SWEA_통합_코딩테스트_DB'!$J$4:$J$1260, "<>보류*") + COUNTIFS('02_SWEA_통합_코딩테스트_DB'!$G$4:$G$1260, DATE(2026,8,24)+21*7+0, '02_SWEA_통합_코딩테스트_DB'!$J$4:$J$1260, "<>보류*") + COUNTIFS('02_SWEA_통합_코딩테스트_DB'!$H$4:$H$1260, DATE(2026,8,24)+21*7+0, '02_SWEA_통합_코딩테스트_DB'!$J$4:$J$1260, "<>보류*") + COUNTIFS('02_SWEA_통합_코딩테스트_DB'!$I$4:$I$1260, DATE(2026,8,24)+21*7+0, '02_SWEA_통합_코딩테스트_DB'!$J$4:$J$1260, "<>보류*") + COUNTIF('03_보안기사_필기_DB'!$I$4:$M$100, DATE(2026,8,24)+21*7+0) + COUNTIF('04_보안기사_실기_DB'!$G$4:$I$30, DATE(2026,8,24)+21*7+0) + COUNTIF('08_빅분기_필기_DB'!$I$4:$K$34, DATE(2026,8,24)+21*7+0) + COUNTIF('09_빅분기_실기_DB'!$H$4:$I$25, DATE(2026,8,24)+21*7+0) | Y11: =COUNTIFS('02_SWEA_통합_코딩테스트_DB'!$F$4:$F$1260, DATE(2026,8,24)+22*7+0, '02_SWEA_통합_코딩테스트_DB'!$J$4:$J$1260, "<>보류*") + COUNTIFS('02_SWEA_통합_코딩테스트_DB'!$G$4:$G$1260, DATE(2026,8,24)+22*7+0, '02_SWEA_통합_코딩테스트_DB'!$J$4:$J$1260, "<>보류*") + COUNTIFS('02_SWEA_통합_코딩테스트_DB'!$H$4:$H$1260, DATE(2026,8,24)+22*7+0, '02_SWEA_통합_코딩테스트_DB'!$J$4:$J$1260, "<>보류*") + COUNTIFS('02_SWEA_통합_코딩테스트_DB'!$I$4:$I$1260, DATE(2026,8,24)+22*7+0, '02_SWEA_통합_코딩테스트_DB'!$J$4:$J$1260, "<>보류*") + COUNTIF('03_보안기사_필기_DB'!$I$4:$M$100, DATE(2026,8,24)+22*7+0) + COUNTIF('04_보안기사_실기_DB'!$G$4:$I$30, DATE(2026,8,24)+22*7+0) + COUNTIF('08_빅분기_필기_DB'!$I$4:$K$34, DATE(2026,8,24)+22*7+0) + COUNTIF('09_빅분기_실기_DB'!$H$4:$I$25, DATE(2026,8,24)+22*7+0) | Z11: =COUNTIFS('02_SWEA_통합_코딩테스트_DB'!$F$4:$F$1260, DATE(2026,8,24)+23*7+0, '02_SWEA_통합_코딩테스트_DB'!$J$4:$J$1260, "<>보류*") + COUNTIFS('02_SWEA_통합_코딩테스트_DB'!$G$4:$G$1260, DATE(2026,8,24)+23*7+0, '02_SWEA_통합_코딩테스트_DB'!$J$4:$J$1260, "<>보류*") + COUNTIFS('02_SWEA_통합_코딩테스트_DB'!$H$4:$H$1260, DATE(2026,8,24)+23*7+0, '02_SWEA_통합_코딩테스트_DB'!$J$4:$J$1260, "<>보류*") + COUNTIFS('02_SWEA_통합_코딩테스트_DB'!$I$4:$I$1260, DATE(2026,8,24)+23*7+0, '02_SWEA_통합_코딩테스트_DB'!$J$4:$J$1260, "<>보류*") + COUNTIF('03_보안기사_필기_DB'!$I$4:$M$100, DATE(2026,8,24)+23*7+0) + COUNTIF('04_보안기사_실기_DB'!$G$4:$I$30, DATE(2026,8,24)+23*7+0) + COUNTIF('08_빅분기_필기_DB'!$I$4:$K$34, DATE(2026,8,24)+23*7+0) + COUNTIF('09_빅분기_실기_DB'!$H$4:$I$25, DATE(2026,8,24)+23*7+0) | AA11: =COUNTIFS('02_SWEA_통합_코딩테스트_DB'!$F$4:$F$1260, DATE(2026,8,24)+24*7+0, '02_SWEA_통합_코딩테스트_DB'!$J$4:$J$1260, "<>보류*") + COUNTIFS('02_SWEA_통합_코딩테스트_DB'!$G$4:$G$1260, DATE(2026,8,24)+24*7+0, '02_SWEA_통합_코딩테스트_DB'!$J$4:$J$1260, "<>보류*") + COUNTIFS('02_SWEA_통합_코딩테스트_DB'!$H$4:$H$1260, DATE(2026,8,24)+24*7+0, '02_SWEA_통합_코딩테스트_DB'!$J$4:$J$1260, "<>보류*") + COUNTIFS('02_SWEA_통합_코딩테스트_DB'!$I$4:$I$1260, DATE(2026,8,24)+24*7+0, '02_SWEA_통합_코딩테스트_DB'!$J$4:$J$1260, "<>보류*") + COUNTIF('03_보안기사_필기_DB'!$I$4:$M$100, DATE(2026,8,24)+24*7+0) + COUNTIF('04_보안기사_실기_DB'!$G$4:$I$30, DATE(2026,8,24)+24*7+0) + COUNTIF('08_빅분기_필기_DB'!$I$4:$K$34, DATE(2026,8,24)+24*7+0) + COUNTIF('09_빅분기_실기_DB'!$H$4:$I$25, DATE(2026,8,24)+24*7+0) | AB11: =COUNTIFS('02_SWEA_통합_코딩테스트_DB'!$F$4:$F$1260, DATE(2026,8,24)+25*7+0, '02_SWEA_통합_코딩테스트_DB'!$J$4:$J$1260, "<>보류*") + COUNTIFS('02_SWEA_통합_코딩테스트_DB'!$G$4:$G$1260, DATE(2026,8,24)+25*7+0, '02_SWEA_통합_코딩테스트_DB'!$J$4:$J$1260, "<>보류*") + COUNTIFS('02_SWEA_통합_코딩테스트_DB'!$H$4:$H$1260, DATE(2026,8,24)+25*7+0, '02_SWEA_통합_코딩테스트_DB'!$J$4:$J$1260, "<>보류*") + COUNTIFS('02_SWEA_통합_코딩테스트_DB'!$I$4:$I$1260, DATE(2026,8,24)+25*7+0, '02_SWEA_통합_코딩테스트_DB'!$J$4:$J$1260, "<>보류*") + COUNTIF('03_보안기사_필기_DB'!$I$4:$M$100, DATE(2026,8,24)+25*7+0) + COUNTIF('04_보안기사_실기_DB'!$G$4:$I$30, DATE(2026,8,24)+25*7+0) + COUNTIF('08_빅분기_필기_DB'!$I$4:$K$34, DATE(2026,8,24)+25*7+0) + COUNTIF('09_빅분기_실기_DB'!$H$4:$I$25, DATE(2026,8,24)+25*7+0) | AC11: =COUNTIFS('02_SWEA_통합_코딩테스트_DB'!$F$4:$F$1260, DATE(2026,8,24)+26*7+0, '02_SWEA_통합_코딩테스트_DB'!$J$4:$J$1260, "<>보류*") + COUNTIFS('02_SWEA_통합_코딩테스트_DB'!$G$4:$G$1260, DATE(2026,8,24)+26*7+0, '02_SWEA_통합_코딩테스트_DB'!$J$4:$J$1260, "<>보류*") + COUNTIFS('02_SWEA_통합_코딩테스트_DB'!$H$4:$H$1260, DATE(2026,8,24)+26*7+0, '02_SWEA_통합_코딩테스트_DB'!$J$4:$J$1260, "<>보류*") + COUNTIFS('02_SWEA_통합_코딩테스트_DB'!$I$4:$I$1260, DATE(2026,8,24)+26*7+0, '02_SWEA_통합_코딩테스트_DB'!$J$4:$J$1260, "<>보류*") + COUNTIF('03_보안기사_필기_DB'!$I$4:$M$100, DATE(2026,8,24)+26*7+0) + COUNTIF('04_보안기사_실기_DB'!$G$4:$I$30, DATE(2026,8,24)+26*7+0) + COUNTIF('08_빅분기_필기_DB'!$I$4:$K$34, DATE(2026,8,24)+26*7+0) + COUNTIF('09_빅분기_실기_DB'!$H$4:$I$25, DATE(2026,8,24)+26*7+0) | AD11: =COUNTIFS('02_SWEA_통합_코딩테스트_DB'!$F$4:$F$1260, DATE(2026,8,24)+27*7+0, '02_SWEA_통합_코딩테스트_DB'!$J$4:$J$1260, "<>보류*") + COUNTIFS('02_SWEA_통합_코딩테스트_DB'!$G$4:$G$1260, DATE(2026,8,24)+27*7+0, '02_SWEA_통합_코딩테스트_DB'!$J$4:$J$1260, "<>보류*") + COUNTIFS('02_SWEA_통합_코딩테스트_DB'!$H$4:$H$1260, DATE(2026,8,24)+27*7+0, '02_SWEA_통합_코딩테스트_DB'!$J$4:$J$1260, "<>보류*") + COUNTIFS('02_SWEA_통합_코딩테스트_DB'!$I$4:$I$1260, DATE(2026,8,24)+27*7+0, '02_SWEA_통합_코딩테스트_DB'!$J$4:$J$1260, "<>보류*") + COUNTIF('03_보안기사_필기_DB'!$I$4:$M$100, DATE(2026,8,24)+27*7+0) + COUNTIF('04_보안기사_실기_DB'!$G$4:$I$30, DATE(2026,8,24)+27*7+0) + COUNTIF('08_빅분기_필기_DB'!$I$4:$K$34, DATE(2026,8,24)+27*7+0) + COUNTIF('09_빅분기_실기_DB'!$H$4:$I$25, DATE(2026,8,24)+27*7+0) | AE11: =COUNTIFS('02_SWEA_통합_코딩테스트_DB'!$F$4:$F$1260, DATE(2026,8,24)+28*7+0, '02_SWEA_통합_코딩테스트_DB'!$J$4:$J$1260, "<>보류*") + COUNTIFS('02_SWEA_통합_코딩테스트_DB'!$G$4:$G$1260, DATE(2026,8,24)+28*7+0, '02_SWEA_통합_코딩테스트_DB'!$J$4:$J$1260, "<>보류*") + COUNTIFS('02_SWEA_통합_코딩테스트_DB'!$H$4:$H$1260, DATE(2026,8,24)+28*7+0, '02_SWEA_통합_코딩테스트_DB'!$J$4:$J$1260, "<>보류*") + COUNTIFS('02_SWEA_통합_코딩테스트_DB'!$I$4:$I$1260, DATE(2026,8,24)+28*7+0, '02_SWEA_통합_코딩테스트_DB'!$J$4:$J$1260, "<>보류*") + COUNTIF('03_보안기사_필기_DB'!$I$4:$M$100, DATE(2026,8,24)+28*7+0) + COUNTIF('04_보안기사_실기_DB'!$G$4:$I$30, DATE(2026,8,24)+28*7+0) + COUNTIF('08_빅분기_필기_DB'!$I$4:$K$34, DATE(2026,8,24)+28*7+0) + COUNTIF('09_빅분기_실기_DB'!$H$4:$I$25, DATE(2026,8,24)+28*7+0) | AF11: =COUNTIFS('02_SWEA_통합_코딩테스트_DB'!$F$4:$F$1260, DATE(2026,8,24)+29*7+0, '02_SWEA_통합_코딩테스트_DB'!$J$4:$J$1260, "<>보류*") + COUNTIFS('02_SWEA_통합_코딩테스트_DB'!$G$4:$G$1260, DATE(2026,8,24)+29*7+0, '02_SWEA_통합_코딩테스트_DB'!$J$4:$J$1260, "<>보류*") + COUNTIFS('02_SWEA_통합_코딩테스트_DB'!$H$4:$H$1260, DATE(2026,8,24)+29*7+0, '02_SWEA_통합_코딩테스트_DB'!$J$4:$J$1260, "<>보류*") + COUNTIFS('02_SWEA_통합_코딩테스트_DB'!$I$4:$I$1260, DATE(2026,8,24)+29*7+0, '02_SWEA_통합_코딩테스트_DB'!$J$4:$J$1260, "<>보류*") + COUNTIF('03_보안기사_필기_DB'!$I$4:$M$100, DATE(2026,8,24)+29*7+0) + COUNTIF('04_보안기사_실기_DB'!$G$4:$I$30, DATE(2026,8,24)+29*7+0) + COUNTIF('08_빅분기_필기_DB'!$I$4:$K$34, DATE(2026,8,24)+29*7+0) + COUNTIF('09_빅분기_실기_DB'!$H$4:$I$25, DATE(2026,8,24)+29*7+0) | AG11: =COUNTIFS('02_SWEA_통합_코딩테스트_DB'!$F$4:$F$1260, DATE(2026,8,24)+30*7+0, '02_SWEA_통합_코딩테스트_DB'!$J$4:$J$1260, "<>보류*") + COUNTIFS('02_SWEA_통합_코딩테스트_DB'!$G$4:$G$1260, DATE(2026,8,24)+30*7+0, '02_SWEA_통합_코딩테스트_DB'!$J$4:$J$1260, "<>보류*") + COUNTIFS('02_SWEA_통합_코딩테스트_DB'!$H$4:$H$1260, DATE(2026,8,24)+30*7+0, '02_SWEA_통합_코딩테스트_DB'!$J$4:$J$1260, "<>보류*") + COUNTIFS('02_SWEA_통합_코딩테스트_DB'!$I$4:$I$1260, DATE(2026,8,24)+30*7+0, '02_SWEA_통합_코딩테스트_DB'!$J$4:$J$1260, "<>보류*") + COUNTIF('03_보안기사_필기_DB'!$I$4:$M$100, DATE(2026,8,24)+30*7+0) + COUNTIF('04_보안기사_실기_DB'!$G$4:$I$30, DATE(2026,8,24)+30*7+0) + COUNTIF('08_빅분기_필기_DB'!$I$4:$K$34, DATE(2026,8,24)+30*7+0) + COUNTIF('09_빅분기_실기_DB'!$H$4:$I$25, DATE(2026,8,24)+30*7+0) | AH11: =COUNTIFS('02_SWEA_통합_코딩테스트_DB'!$F$4:$F$1260, DATE(2026,8,24)+31*7+0, '02_SWEA_통합_코딩테스트_DB'!$J$4:$J$1260, "<>보류*") + COUNTIFS('02_SWEA_통합_코딩테스트_DB'!$G$4:$G$1260, DATE(2026,8,24)+31*7+0, '02_SWEA_통합_코딩테스트_DB'!$J$4:$J$1260, "<>보류*") + COUNTIFS('02_SWEA_통합_코딩테스트_DB'!$H$4:$H$1260, DATE(2026,8,24)+31*7+0, '02_SWEA_통합_코딩테스트_DB'!$J$4:$J$1260, "<>보류*") + COUNTIFS('02_SWEA_통합_코딩테스트_DB'!$I$4:$I$1260, DATE(2026,8,24)+31*7+0, '02_SWEA_통합_코딩테스트_DB'!$J$4:$J$1260, "<>보류*") + COUNTIF('03_보안기사_필기_DB'!$I$4:$M$100, DATE(2026,8,24)+31*7+0) + COUNTIF('04_보안기사_실기_DB'!$G$4:$I$30, DATE(2026,8,24)+31*7+0) + COUNTIF('08_빅분기_필기_DB'!$I$4:$K$34, DATE(2026,8,24)+31*7+0) + COUNTIF('09_빅분기_실기_DB'!$H$4:$I$25, DATE(2026,8,24)+31*7+0) | AI11: =COUNTIFS('02_SWEA_통합_코딩테스트_DB'!$F$4:$F$1260, DATE(2026,8,24)+32*7+0, '02_SWEA_통합_코딩테스트_DB'!$J$4:$J$1260, "<>보류*") + COUNTIFS('02_SWEA_통합_코딩테스트_DB'!$G$4:$G$1260, DATE(2026,8,24)+32*7+0, '02_SWEA_통합_코딩테스트_DB'!$J$4:$J$1260, "<>보류*") + COUNTIFS('02_SWEA_통합_코딩테스트_DB'!$H$4:$H$1260, DATE(2026,8,24)+32*7+0, '02_SWEA_통합_코딩테스트_DB'!$J$4:$J$1260, "<>보류*") + COUNTIFS('02_SWEA_통합_코딩테스트_DB'!$I$4:$I$1260, DATE(2026,8,24)+32*7+0, '02_SWEA_통합_코딩테스트_DB'!$J$4:$J$1260, "<>보류*") + COUNTIF('03_보안기사_필기_DB'!$I$4:$M$100, DATE(2026,8,24)+32*7+0) + COUNTIF('04_보안기사_실기_DB'!$G$4:$I$30, DATE(2026,8,24)+32*7+0) + COUNTIF('08_빅분기_필기_DB'!$I$4:$K$34, DATE(2026,8,24)+32*7+0) + COUNTIF('09_빅분기_실기_DB'!$H$4:$I$25, DATE(2026,8,24)+32*7+0) | AJ11: =COUNTIFS('02_SWEA_통합_코딩테스트_DB'!$F$4:$F$1260, DATE(2026,8,24)+33*7+0, '02_SWEA_통합_코딩테스트_DB'!$J$4:$J$1260, "<>보류*") + COUNTIFS('02_SWEA_통합_코딩테스트_DB'!$G$4:$G$1260, DATE(2026,8,24)+33*7+0, '02_SWEA_통합_코딩테스트_DB'!$J$4:$J$1260, "<>보류*") + COUNTIFS('02_SWEA_통합_코딩테스트_DB'!$H$4:$H$1260, DATE(2026,8,24)+33*7+0, '02_SWEA_통합_코딩테스트_DB'!$J$4:$J$1260, "<>보류*") + COUNTIFS('02_SWEA_통합_코딩테스트_DB'!$I$4:$I$1260, DATE(2026,8,24)+33*7+0, '02_SWEA_통합_코딩테스트_DB'!$J$4:$J$1260, "<>보류*") + COUNTIF('03_보안기사_필기_DB'!$I$4:$M$100, DATE(2026,8,24)+33*7+0) + COUNTIF('04_보안기사_실기_DB'!$G$4:$I$30, DATE(2026,8,24)+33*7+0) + COUNTIF('08_빅분기_필기_DB'!$I$4:$K$34, DATE(2026,8,24)+33*7+0) + COUNTIF('09_빅분기_실기_DB'!$H$4:$I$25, DATE(2026,8,24)+33*7+0) | AK11: =COUNTIFS('02_SWEA_통합_코딩테스트_DB'!$F$4:$F$1260, DATE(2026,8,24)+34*7+0, '02_SWEA_통합_코딩테스트_DB'!$J$4:$J$1260, "<>보류*") + COUNTIFS('02_SWEA_통합_코딩테스트_DB'!$G$4:$G$1260, DATE(2026,8,24)+34*7+0, '02_SWEA_통합_코딩테스트_DB'!$J$4:$J$1260, "<>보류*") + COUNTIFS('02_SWEA_통합_코딩테스트_DB'!$H$4:$H$1260, DATE(2026,8,24)+34*7+0, '02_SWEA_통합_코딩테스트_DB'!$J$4:$J$1260, "<>보류*") + COUNTIFS('02_SWEA_통합_코딩테스트_DB'!$I$4:$I$1260, DATE(2026,8,24)+34*7+0, '02_SWEA_통합_코딩테스트_DB'!$J$4:$J$1260, "<>보류*") + COUNTIF('03_보안기사_필기_DB'!$I$4:$M$100, DATE(2026,8,24)+34*7+0) + COUNTIF('04_보안기사_실기_DB'!$G$4:$I$30, DATE(2026,8,24)+34*7+0) + COUNTIF('08_빅분기_필기_DB'!$I$4:$K$34, DATE(2026,8,24)+34*7+0) + COUNTIF('09_빅분기_실기_DB'!$H$4:$I$25, DATE(2026,8,24)+34*7+0) | AL11: =COUNTIFS('02_SWEA_통합_코딩테스트_DB'!$F$4:$F$1260, DATE(2026,8,24)+35*7+0, '02_SWEA_통합_코딩테스트_DB'!$J$4:$J$1260, "<>보류*") + COUNTIFS('02_SWEA_통합_코딩테스트_DB'!$G$4:$G$1260, DATE(2026,8,24)+35*7+0, '02_SWEA_통합_코딩테스트_DB'!$J$4:$J$1260, "<>보류*") + COUNTIFS('02_SWEA_통합_코딩테스트_DB'!$H$4:$H$1260, DATE(2026,8,24)+35*7+0, '02_SWEA_통합_코딩테스트_DB'!$J$4:$J$1260, "<>보류*") + COUNTIFS('02_SWEA_통합_코딩테스트_DB'!$I$4:$I$1260, DATE(2026,8,24)+35*7+0, '02_SWEA_통합_코딩테스트_DB'!$J$4:$J$1260, "<>보류*") + COUNTIF('03_보안기사_필기_DB'!$I$4:$M$100, DATE(2026,8,24)+35*7+0) + COUNTIF('04_보안기사_실기_DB'!$G$4:$I$30, DATE(2026,8,24)+35*7+0) + COUNTIF('08_빅분기_필기_DB'!$I$4:$K$34, DATE(2026,8,24)+35*7+0) + COUNTIF('09_빅분기_실기_DB'!$H$4:$I$25, DATE(2026,8,24)+35*7+0) | AM11: =COUNTIFS('02_SWEA_통합_코딩테스트_DB'!$F$4:$F$1260, DATE(2026,8,24)+36*7+0, '02_SWEA_통합_코딩테스트_DB'!$J$4:$J$1260, "<>보류*") + COUNTIFS('02_SWEA_통합_코딩테스트_DB'!$G$4:$G$1260, DATE(2026,8,24)+36*7+0, '02_SWEA_통합_코딩테스트_DB'!$J$4:$J$1260, "<>보류*") + COUNTIFS('02_SWEA_통합_코딩테스트_DB'!$H$4:$H$1260, DATE(2026,8,24)+36*7+0, '02_SWEA_통합_코딩테스트_DB'!$J$4:$J$1260, "<>보류*") + COUNTIFS('02_SWEA_통합_코딩테스트_DB'!$I$4:$I$1260, DATE(2026,8,24)+36*7+0, '02_SWEA_통합_코딩테스트_DB'!$J$4:$J$1260, "<>보류*") + COUNTIF('03_보안기사_필기_DB'!$I$4:$M$100, DATE(2026,8,24)+36*7+0) + COUNTIF('04_보안기사_실기_DB'!$G$4:$I$30, DATE(2026,8,24)+36*7+0) + COUNTIF('08_빅분기_필기_DB'!$I$4:$K$34, DATE(2026,8,24)+36*7+0) + COUNTIF('09_빅분기_실기_DB'!$H$4:$I$25, DATE(2026,8,24)+36*7+0) | AN11: =COUNTIFS('02_SWEA_통합_코딩테스트_DB'!$F$4:$F$1260, DATE(2026,8,24)+37*7+0, '02_SWEA_통합_코딩테스트_DB'!$J$4:$J$1260, "<>보류*") + COUNTIFS('02_SWEA_통합_코딩테스트_DB'!$G$4:$G$1260, DATE(2026,8,24)+37*7+0, '02_SWEA_통합_코딩테스트_DB'!$J$4:$J$1260, "<>보류*") + COUNTIFS('02_SWEA_통합_코딩테스트_DB'!$H$4:$H$1260, DATE(2026,8,24)+37*7+0, '02_SWEA_통합_코딩테스트_DB'!$J$4:$J$1260, "<>보류*") + COUNTIFS('02_SWEA_통합_코딩테스트_DB'!$I$4:$I$1260, DATE(2026,8,24)+37*7+0, '02_SWEA_통합_코딩테스트_DB'!$J$4:$J$1260, "<>보류*") + COUNTIF('03_보안기사_필기_DB'!$I$4:$M$100, DATE(2026,8,24)+37*7+0) + COUNTIF('04_보안기사_실기_DB'!$G$4:$I$30, DATE(2026,8,24)+37*7+0) + COUNTIF('08_빅분기_필기_DB'!$I$4:$K$34, DATE(2026,8,24)+37*7+0) + COUNTIF('09_빅분기_실기_DB'!$H$4:$I$25, DATE(2026,8,24)+37*7+0) | AO11: =COUNTIFS('02_SWEA_통합_코딩테스트_DB'!$F$4:$F$1260, DATE(2026,8,24)+38*7+0, '02_SWEA_통합_코딩테스트_DB'!$J$4:$J$1260, "<>보류*") + COUNTIFS('02_SWEA_통합_코딩테스트_DB'!$G$4:$G$1260, DATE(2026,8,24)+38*7+0, '02_SWEA_통합_코딩테스트_DB'!$J$4:$J$1260, "<>보류*") + COUNTIFS('02_SWEA_통합_코딩테스트_DB'!$H$4:$H$1260, DATE(2026,8,24)+38*7+0, '02_SWEA_통합_코딩테스트_DB'!$J$4:$J$1260, "<>보류*") + COUNTIFS('02_SWEA_통합_코딩테스트_DB'!$I$4:$I$1260, DATE(2026,8,24)+38*7+0, '02_SWEA_통합_코딩테스트_DB'!$J$4:$J$1260, "<>보류*") + COUNTIF('03_보안기사_필기_DB'!$I$4:$M$100, DATE(2026,8,24)+38*7+0) + COUNTIF('04_보안기사_실기_DB'!$G$4:$I$30, DATE(2026,8,24)+38*7+0) + COUNTIF('08_빅분기_필기_DB'!$I$4:$K$34, DATE(2026,8,24)+38*7+0) + COUNTIF('09_빅분기_실기_DB'!$H$4:$I$25, DATE(2026,8,24)+38*7+0) | AP11: =COUNTIFS('02_SWEA_통합_코딩테스트_DB'!$F$4:$F$1260, DATE(2026,8,24)+39*7+0, '02_SWEA_통합_코딩테스트_DB'!$J$4:$J$1260, "<>보류*") + COUNTIFS('02_SWEA_통합_코딩테스트_DB'!$G$4:$G$1260, DATE(2026,8,24)+39*7+0, '02_SWEA_통합_코딩테스트_DB'!$J$4:$J$1260, "<>보류*") + COUNTIFS('02_SWEA_통합_코딩테스트_DB'!$H$4:$H$1260, DATE(2026,8,24)+39*7+0, '02_SWEA_통합_코딩테스트_DB'!$J$4:$J$1260, "<>보류*") + COUNTIFS('02_SWEA_통합_코딩테스트_DB'!$I$4:$I$1260, DATE(2026,8,24)+39*7+0, '02_SWEA_통합_코딩테스트_DB'!$J$4:$J$1260, "<>보류*") + COUNTIF('03_보안기사_필기_DB'!$I$4:$M$100, DATE(2026,8,24)+39*7+0) + COUNTIF('04_보안기사_실기_DB'!$G$4:$I$30, DATE(2026,8,24)+39*7+0) + COUNTIF('08_빅분기_필기_DB'!$I$4:$K$34, DATE(2026,8,24)+39*7+0) + COUNTIF('09_빅분기_실기_DB'!$H$4:$I$25, DATE(2026,8,24)+39*7+0) | AQ11: =COUNTIFS('02_SWEA_통합_코딩테스트_DB'!$F$4:$F$1260, DATE(2026,8,24)+40*7+0, '02_SWEA_통합_코딩테스트_DB'!$J$4:$J$1260, "<>보류*") + COUNTIFS('02_SWEA_통합_코딩테스트_DB'!$G$4:$G$1260, DATE(2026,8,24)+40*7+0, '02_SWEA_통합_코딩테스트_DB'!$J$4:$J$1260, "<>보류*") + COUNTIFS('02_SWEA_통합_코딩테스트_DB'!$H$4:$H$1260, DATE(2026,8,24)+40*7+0, '02_SWEA_통합_코딩테스트_DB'!$J$4:$J$1260, "<>보류*") + COUNTIFS('02_SWEA_통합_코딩테스트_DB'!$I$4:$I$1260, DATE(2026,8,24)+40*7+0, '02_SWEA_통합_코딩테스트_DB'!$J$4:$J$1260, "<>보류*") + COUNTIF('03_보안기사_필기_DB'!$I$4:$M$100, DATE(2026,8,24)+40*7+0) + COUNTIF('04_보안기사_실기_DB'!$G$4:$I$30, DATE(2026,8,24)+40*7+0) + COUNTIF('08_빅분기_필기_DB'!$I$4:$K$34, DATE(2026,8,24)+40*7+0) + COUNTIF('09_빅분기_실기_DB'!$H$4:$I$25, DATE(2026,8,24)+40*7+0) | AR11: =COUNTIFS('02_SWEA_통합_코딩테스트_DB'!$F$4:$F$1260, DATE(2026,8,24)+41*7+0, '02_SWEA_통합_코딩테스트_DB'!$J$4:$J$1260, "<>보류*") + COUNTIFS('02_SWEA_통합_코딩테스트_DB'!$G$4:$G$1260, DATE(2026,8,24)+41*7+0, '02_SWEA_통합_코딩테스트_DB'!$J$4:$J$1260, "<>보류*") + COUNTIFS('02_SWEA_통합_코딩테스트_DB'!$H$4:$H$1260, DATE(2026,8,24)+41*7+0, '02_SWEA_통합_코딩테스트_DB'!$J$4:$J$1260, "<>보류*") + COUNTIFS('02_SWEA_통합_코딩테스트_DB'!$I$4:$I$1260, DATE(2026,8,24)+41*7+0, '02_SWEA_통합_코딩테스트_DB'!$J$4:$J$1260, "<>보류*") + COUNTIF('03_보안기사_필기_DB'!$I$4:$M$100, DATE(2026,8,24)+41*7+0) + COUNTIF('04_보안기사_실기_DB'!$G$4:$I$30, DATE(2026,8,24)+41*7+0) + COUNTIF('08_빅분기_필기_DB'!$I$4:$K$34, DATE(2026,8,24)+41*7+0) + COUNTIF('09_빅분기_실기_DB'!$H$4:$I$25, DATE(2026,8,24)+41*7+0) | AS11: =COUNTIFS('02_SWEA_통합_코딩테스트_DB'!$F$4:$F$1260, DATE(2026,8,24)+42*7+0, '02_SWEA_통합_코딩테스트_DB'!$J$4:$J$1260, "<>보류*") + COUNTIFS('02_SWEA_통합_코딩테스트_DB'!$G$4:$G$1260, DATE(2026,8,24)+42*7+0, '02_SWEA_통합_코딩테스트_DB'!$J$4:$J$1260, "<>보류*") + COUNTIFS('02_SWEA_통합_코딩테스트_DB'!$H$4:$H$1260, DATE(2026,8,24)+42*7+0, '02_SWEA_통합_코딩테스트_DB'!$J$4:$J$1260, "<>보류*") + COUNTIFS('02_SWEA_통합_코딩테스트_DB'!$I$4:$I$1260, DATE(2026,8,24)+42*7+0, '02_SWEA_통합_코딩테스트_DB'!$J$4:$J$1260, "<>보류*") + COUNTIF('03_보안기사_필기_DB'!$I$4:$M$100, DATE(2026,8,24)+42*7+0) + COUNTIF('04_보안기사_실기_DB'!$G$4:$I$30, DATE(2026,8,24)+42*7+0) + COUNTIF('08_빅분기_필기_DB'!$I$4:$K$34, DATE(2026,8,24)+42*7+0) + COUNTIF('09_빅분기_실기_DB'!$H$4:$I$25, DATE(2026,8,24)+42*7+0) | AT11: =COUNTIFS('02_SWEA_통합_코딩테스트_DB'!$F$4:$F$1260, DATE(2026,8,24)+43*7+0, '02_SWEA_통합_코딩테스트_DB'!$J$4:$J$1260, "<>보류*") + COUNTIFS('02_SWEA_통합_코딩테스트_DB'!$G$4:$G$1260, DATE(2026,8,24)+43*7+0, '02_SWEA_통합_코딩테스트_DB'!$J$4:$J$1260, "<>보류*") + COUNTIFS('02_SWEA_통합_코딩테스트_DB'!$H$4:$H$1260, DATE(2026,8,24)+43*7+0, '02_SWEA_통합_코딩테스트_DB'!$J$4:$J$1260, "<>보류*") + COUNTIFS('02_SWEA_통합_코딩테스트_DB'!$I$4:$I$1260, DATE(2026,8,24)+43*7+0, '02_SWEA_통합_코딩테스트_DB'!$J$4:$J$1260, "<>보류*") + COUNTIF('03_보안기사_필기_DB'!$I$4:$M$100, DATE(2026,8,24)+43*7+0) + COUNTIF('04_보안기사_실기_DB'!$G$4:$I$30, DATE(2026,8,24)+43*7+0) + COUNTIF('08_빅분기_필기_DB'!$I$4:$K$34, DATE(2026,8,24)+43*7+0) + COUNTIF('09_빅분기_실기_DB'!$H$4:$I$25, DATE(2026,8,24)+43*7+0) | AU11: =COUNTIFS('02_SWEA_통합_코딩테스트_DB'!$F$4:$F$1260, DATE(2026,8,24)+44*7+0, '02_SWEA_통합_코딩테스트_DB'!$J$4:$J$1260, "<>보류*") + COUNTIFS('02_SWEA_통합_코딩테스트_DB'!$G$4:$G$1260, DATE(2026,8,24)+44*7+0, '02_SWEA_통합_코딩테스트_DB'!$J$4:$J$1260, "<>보류*") + COUNTIFS('02_SWEA_통합_코딩테스트_DB'!$H$4:$H$1260, DATE(2026,8,24)+44*7+0, '02_SWEA_통합_코딩테스트_DB'!$J$4:$J$1260, "<>보류*") + COUNTIFS('02_SWEA_통합_코딩테스트_DB'!$I$4:$I$1260, DATE(2026,8,24)+44*7+0, '02_SWEA_통합_코딩테스트_DB'!$J$4:$J$1260, "<>보류*") + COUNTIF('03_보안기사_필기_DB'!$I$4:$M$100, DATE(2026,8,24)+44*7+0) + COUNTIF('04_보안기사_실기_DB'!$G$4:$I$30, DATE(2026,8,24)+44*7+0) + COUNTIF('08_빅분기_필기_DB'!$I$4:$K$34, DATE(2026,8,24)+44*7+0) + COUNTIF('09_빅분기_실기_DB'!$H$4:$I$25, DATE(2026,8,24)+44*7+0) | AV11: =COUNTIFS('02_SWEA_통합_코딩테스트_DB'!$F$4:$F$1260, DATE(2026,8,24)+45*7+0, '02_SWEA_통합_코딩테스트_DB'!$J$4:$J$1260, "<>보류*") + COUNTIFS('02_SWEA_통합_코딩테스트_DB'!$G$4:$G$1260, DATE(2026,8,24)+45*7+0, '02_SWEA_통합_코딩테스트_DB'!$J$4:$J$1260, "<>보류*") + COUNTIFS('02_SWEA_통합_코딩테스트_DB'!$H$4:$H$1260, DATE(2026,8,24)+45*7+0, '02_SWEA_통합_코딩테스트_DB'!$J$4:$J$1260, "<>보류*") + COUNTIFS('02_SWEA_통합_코딩테스트_DB'!$I$4:$I$1260, DATE(2026,8,24)+45*7+0, '02_SWEA_통합_코딩테스트_DB'!$J$4:$J$1260, "<>보류*") + COUNTIF('03_보안기사_필기_DB'!$I$4:$M$100, DATE(2026,8,24)+45*7+0) + COUNTIF('04_보안기사_실기_DB'!$G$4:$I$30, DATE(2026,8,24)+45*7+0) + COUNTIF('08_빅분기_필기_DB'!$I$4:$K$34, DATE(2026,8,24)+45*7+0) + COUNTIF('09_빅분기_실기_DB'!$H$4:$I$25, DATE(2026,8,24)+45*7+0) | AW11: =COUNTIFS('02_SWEA_통합_코딩테스트_DB'!$F$4:$F$1260, DATE(2026,8,24)+46*7+0, '02_SWEA_통합_코딩테스트_DB'!$J$4:$J$1260, "<>보류*") + COUNTIFS('02_SWEA_통합_코딩테스트_DB'!$G$4:$G$1260, DATE(2026,8,24)+46*7+0, '02_SWEA_통합_코딩테스트_DB'!$J$4:$J$1260, "<>보류*") + COUNTIFS('02_SWEA_통합_코딩테스트_DB'!$H$4:$H$1260, DATE(2026,8,24)+46*7+0, '02_SWEA_통합_코딩테스트_DB'!$J$4:$J$1260, "<>보류*") + COUNTIFS('02_SWEA_통합_코딩테스트_DB'!$I$4:$I$1260, DATE(2026,8,24)+46*7+0, '02_SWEA_통합_코딩테스트_DB'!$J$4:$J$1260, "<>보류*") + COUNTIF('03_보안기사_필기_DB'!$I$4:$M$100, DATE(2026,8,24)+46*7+0) + COUNTIF('04_보안기사_실기_DB'!$G$4:$I$30, DATE(2026,8,24)+46*7+0) + COUNTIF('08_빅분기_필기_DB'!$I$4:$K$34, DATE(2026,8,24)+46*7+0) + COUNTIF('09_빅분기_실기_DB'!$H$4:$I$25, DATE(2026,8,24)+46*7+0) | AX11: =COUNTIFS('02_SWEA_통합_코딩테스트_DB'!$F$4:$F$1260, DATE(2026,8,24)+47*7+0, '02_SWEA_통합_코딩테스트_DB'!$J$4:$J$1260, "<>보류*") + COUNTIFS('02_SWEA_통합_코딩테스트_DB'!$G$4:$G$1260, DATE(2026,8,24)+47*7+0, '02_SWEA_통합_코딩테스트_DB'!$J$4:$J$1260, "<>보류*") + COUNTIFS('02_SWEA_통합_코딩테스트_DB'!$H$4:$H$1260, DATE(2026,8,24)+47*7+0, '02_SWEA_통합_코딩테스트_DB'!$J$4:$J$1260, "<>보류*") + COUNTIFS('02_SWEA_통합_코딩테스트_DB'!$I$4:$I$1260, DATE(2026,8,24)+47*7+0, '02_SWEA_통합_코딩테스트_DB'!$J$4:$J$1260, "<>보류*") + COUNTIF('03_보안기사_필기_DB'!$I$4:$M$100, DATE(2026,8,24)+47*7+0) + COUNTIF('04_보안기사_실기_DB'!$G$4:$I$30, DATE(2026,8,24)+47*7+0) + COUNTIF('08_빅분기_필기_DB'!$I$4:$K$34, DATE(2026,8,24)+47*7+0) + COUNTIF('09_빅분기_실기_DB'!$H$4:$I$25, DATE(2026,8,24)+47*7+0) | AY11: =COUNTIFS('02_SWEA_통합_코딩테스트_DB'!$F$4:$F$1260, DATE(2026,8,24)+48*7+0, '02_SWEA_통합_코딩테스트_DB'!$J$4:$J$1260, "<>보류*") + COUNTIFS('02_SWEA_통합_코딩테스트_DB'!$G$4:$G$1260, DATE(2026,8,24)+48*7+0, '02_SWEA_통합_코딩테스트_DB'!$J$4:$J$1260, "<>보류*") + COUNTIFS('02_SWEA_통합_코딩테스트_DB'!$H$4:$H$1260, DATE(2026,8,24)+48*7+0, '02_SWEA_통합_코딩테스트_DB'!$J$4:$J$1260, "<>보류*") + COUNTIFS('02_SWEA_통합_코딩테스트_DB'!$I$4:$I$1260, DATE(2026,8,24)+48*7+0, '02_SWEA_통합_코딩테스트_DB'!$J$4:$J$1260, "<>보류*") + COUNTIF('03_보안기사_필기_DB'!$I$4:$M$100, DATE(2026,8,24)+48*7+0) + COUNTIF('04_보안기사_실기_DB'!$G$4:$I$30, DATE(2026,8,24)+48*7+0) + COUNTIF('08_빅분기_필기_DB'!$I$4:$K$34, DATE(2026,8,24)+48*7+0) + COUNTIF('09_빅분기_실기_DB'!$H$4:$I$25, DATE(2026,8,24)+48*7+0) | AZ11: =COUNTIFS('02_SWEA_통합_코딩테스트_DB'!$F$4:$F$1260, DATE(2026,8,24)+49*7+0, '02_SWEA_통합_코딩테스트_DB'!$J$4:$J$1260, "<>보류*") + COUNTIFS('02_SWEA_통합_코딩테스트_DB'!$G$4:$G$1260, DATE(2026,8,24)+49*7+0, '02_SWEA_통합_코딩테스트_DB'!$J$4:$J$1260, "<>보류*") + COUNTIFS('02_SWEA_통합_코딩테스트_DB'!$H$4:$H$1260, DATE(2026,8,24)+49*7+0, '02_SWEA_통합_코딩테스트_DB'!$J$4:$J$1260, "<>보류*") + COUNTIFS('02_SWEA_통합_코딩테스트_DB'!$I$4:$I$1260, DATE(2026,8,24)+49*7+0, '02_SWEA_통합_코딩테스트_DB'!$J$4:$J$1260, "<>보류*") + COUNTIF('03_보안기사_필기_DB'!$I$4:$M$100, DATE(2026,8,24)+49*7+0) + COUNTIF('04_보안기사_실기_DB'!$G$4:$I$30, DATE(2026,8,24)+49*7+0) + COUNTIF('08_빅분기_필기_DB'!$I$4:$K$34, DATE(2026,8,24)+49*7+0) + COUNTIF('09_빅분기_실기_DB'!$H$4:$I$25, DATE(2026,8,24)+49*7+0) | BA11: =COUNTIFS('02_SWEA_통합_코딩테스트_DB'!$F$4:$F$1260, DATE(2026,8,24)+50*7+0, '02_SWEA_통합_코딩테스트_DB'!$J$4:$J$1260, "<>보류*") + COUNTIFS('02_SWEA_통합_코딩테스트_DB'!$G$4:$G$1260, DATE(2026,8,24)+50*7+0, '02_SWEA_통합_코딩테스트_DB'!$J$4:$J$1260, "<>보류*") + COUNTIFS('02_SWEA_통합_코딩테스트_DB'!$H$4:$H$1260, DATE(2026,8,24)+50*7+0, '02_SWEA_통합_코딩테스트_DB'!$J$4:$J$1260, "<>보류*") + COUNTIFS('02_SWEA_통합_코딩테스트_DB'!$I$4:$I$1260, DATE(2026,8,24)+50*7+0, '02_SWEA_통합_코딩테스트_DB'!$J$4:$J$1260, "<>보류*") + COUNTIF('03_보안기사_필기_DB'!$I$4:$M$100, DATE(2026,8,24)+50*7+0) + COUNTIF('04_보안기사_실기_DB'!$G$4:$I$30, DATE(2026,8,24)+50*7+0) + COUNTIF('08_빅분기_필기_DB'!$I$4:$K$34, DATE(2026,8,24)+50*7+0) + COUNTIF('09_빅분기_실기_DB'!$H$4:$I$25, DATE(2026,8,24)+50*7+0) | BB11: =COUNTIFS('02_SWEA_통합_코딩테스트_DB'!$F$4:$F$1260, DATE(2026,8,24)+51*7+0, '02_SWEA_통합_코딩테스트_DB'!$J$4:$J$1260, "<>보류*") + COUNTIFS('02_SWEA_통합_코딩테스트_DB'!$G$4:$G$1260, DATE(2026,8,24)+51*7+0, '02_SWEA_통합_코딩테스트_DB'!$J$4:$J$1260, "<>보류*") + COUNTIFS('02_SWEA_통합_코딩테스트_DB'!$H$4:$H$1260, DATE(2026,8,24)+51*7+0, '02_SWEA_통합_코딩테스트_DB'!$J$4:$J$1260, "<>보류*") + COUNTIFS('02_SWEA_통합_코딩테스트_DB'!$I$4:$I$1260, DATE(2026,8,24)+51*7+0, '02_SWEA_통합_코딩테스트_DB'!$J$4:$J$1260, "<>보류*") + COUNTIF('03_보안기사_필기_DB'!$I$4:$M$100, DATE(2026,8,24)+51*7+0) + COUNTIF('04_보안기사_실기_DB'!$G$4:$I$30, DATE(2026,8,24)+51*7+0) + COUNTIF('08_빅분기_필기_DB'!$I$4:$K$34, DATE(2026,8,24)+51*7+0) + COUNTIF('09_빅분기_실기_DB'!$H$4:$I$25, DATE(2026,8,24)+51*7+0) | BC11: =COUNTIFS('02_SWEA_통합_코딩테스트_DB'!$F$4:$F$1260, DATE(2026,8,24)+52*7+0, '02_SWEA_통합_코딩테스트_DB'!$J$4:$J$1260, "<>보류*") + COUNTIFS('02_SWEA_통합_코딩테스트_DB'!$G$4:$G$1260, DATE(2026,8,24)+52*7+0, '02_SWEA_통합_코딩테스트_DB'!$J$4:$J$1260, "<>보류*") + COUNTIFS('02_SWEA_통합_코딩테스트_DB'!$H$4:$H$1260, DATE(2026,8,24)+52*7+0, '02_SWEA_통합_코딩테스트_DB'!$J$4:$J$1260, "<>보류*") + COUNTIFS('02_SWEA_통합_코딩테스트_DB'!$I$4:$I$1260, DATE(2026,8,24)+52*7+0, '02_SWEA_통합_코딩테스트_DB'!$J$4:$J$1260, "<>보류*") + COUNTIF('03_보안기사_필기_DB'!$I$4:$M$100, DATE(2026,8,24)+52*7+0) + COUNTIF('04_보안기사_실기_DB'!$G$4:$I$30, DATE(2026,8,24)+52*7+0)
A12: 화 (Tue) | C12: =COUNTIFS('02_SWEA_통합_코딩테스트_DB'!$F$4:$F$1260, DATE(2026,8,24)+0*7+1, '02_SWEA_통합_코딩테스트_DB'!$J$4:$J$1260, "<>보류*") + COUNTIFS('02_SWEA_통합_코딩테스트_DB'!$G$4:$G$1260, DATE(2026,8,24)+0*7+1, '02_SWEA_통합_코딩테스트_DB'!$J$4:$J$1260, "<>보류*") + COUNTIFS('02_SWEA_통합_코딩테스트_DB'!$H$4:$H$1260, DATE(2026,8,24)+0*7+1, '02_SWEA_통합_코딩테스트_DB'!$J$4:$J$1260, "<>보류*") + COUNTIFS('02_SWEA_통합_코딩테스트_DB'!$I$4:$I$1260, DATE(2026,8,24)+0*7+1, '02_SWEA_통합_코딩테스트_DB'!$J$4:$J$1260, "<>보류*") + COUNTIF('03_보안기사_필기_DB'!$I$4:$M$100, DATE(2026,8,24)+0*7+1) + COUNTIF('04_보안기사_실기_DB'!$G$4:$I$30, DATE(2026,8,24)+0*7+1) + COUNTIF('08_빅분기_필기_DB'!$I$4:$K$34, DATE(2026,8,24)+0*7+1) + COUNTIF('09_빅분기_실기_DB'!$H$4:$I$25, DATE(2026,8,24)+0*7+1) | D12: =COUNTIFS('02_SWEA_통합_코딩테스트_DB'!$F$4:$F$1260, DATE(2026,8,24)+1*7+1, '02_SWEA_통합_코딩테스트_DB'!$J$4:$J$1260, "<>보류*") + COUNTIFS('02_SWEA_통합_코딩테스트_DB'!$G$4:$G$1260, DATE(2026,8,24)+1*7+1, '02_SWEA_통합_코딩테스트_DB'!$J$4:$J$1260, "<>보류*") + COUNTIFS('02_SWEA_통합_코딩테스트_DB'!$H$4:$H$1260, DATE(2026,8,24)+1*7+1, '02_SWEA_통합_코딩테스트_DB'!$J$4:$J$1260, "<>보류*") + COUNTIFS('02_SWEA_통합_코딩테스트_DB'!$I$4:$I$1260, DATE(2026,8,24)+1*7+1, '02_SWEA_통합_코딩테스트_DB'!$J$4:$J$1260, "<>보류*") + COUNTIF('03_보안기사_필기_DB'!$I$4:$M$100, DATE(2026,8,24)+1*7+1) + COUNTIF('04_보안기사_실기_DB'!$G$4:$I$30, DATE(2026,8,24)+1*7+1) + COUNTIF('08_빅분기_필기_DB'!$I$4:$K$34, DATE(2026,8,24)+1*7+1) + COUNTIF('09_빅분기_실기_DB'!$H$4:$I$25, DATE(2026,8,24)+1*7+1) | E12: =COUNTIFS('02_SWEA_통합_코딩테스트_DB'!$F$4:$F$1260, DATE(2026,8,24)+2*7+1, '02_SWEA_통합_코딩테스트_DB'!$J$4:$J$1260, "<>보류*") + COUNTIFS('02_SWEA_통합_코딩테스트_DB'!$G$4:$G$1260, DATE(2026,8,24)+2*7+1, '02_SWEA_통합_코딩테스트_DB'!$J$4:$J$1260, "<>보류*") + COUNTIFS('02_SWEA_통합_코딩테스트_DB'!$H$4:$H$1260, DATE(2026,8,24)+2*7+1, '02_SWEA_통합_코딩테스트_DB'!$J$4:$J$1260, "<>보류*") + COUNTIFS('02_SWEA_통합_코딩테스트_DB'!$I$4:$I$1260, DATE(2026,8,24)+2*7+1, '02_SWEA_통합_코딩테스트_DB'!$J$4:$J$1260, "<>보류*") + COUNTIF('03_보안기사_필기_DB'!$I$4:$M$100, DATE(2026,8,24)+2*7+1) + COUNTIF('04_보안기사_실기_DB'!$G$4:$I$30, DATE(2026,8,24)+2*7+1) + COUNTIF('08_빅분기_필기_DB'!$I$4:$K$34, DATE(2026,8,24)+2*7+1) + COUNTIF('09_빅분기_실기_DB'!$H$4:$I$25, DATE(2026,8,24)+2*7+1) | F12: =COUNTIFS('02_SWEA_통합_코딩테스트_DB'!$F$4:$F$1260, DATE(2026,8,24)+3*7+1, '02_SWEA_통합_코딩테스트_DB'!$J$4:$J$1260, "<>보류*") + COUNTIFS('02_SWEA_통합_코딩테스트_DB'!$G$4:$G$1260, DATE(2026,8,24)+3*7+1, '02_SWEA_통합_코딩테스트_DB'!$J$4:$J$1260, "<>보류*") + COUNTIFS('02_SWEA_통합_코딩테스트_DB'!$H$4:$H$1260, DATE(2026,8,24)+3*7+1, '02_SWEA_통합_코딩테스트_DB'!$J$4:$J$1260, "<>보류*") + COUNTIFS('02_SWEA_통합_코딩테스트_DB'!$I$4:$I$1260, DATE(2026,8,24)+3*7+1, '02_SWEA_통합_코딩테스트_DB'!$J$4:$J$1260, "<>보류*") + COUNTIF('03_보안기사_필기_DB'!$I$4:$M$100, DATE(2026,8,24)+3*7+1) + COUNTIF('04_보안기사_실기_DB'!$G$4:$I$30, DATE(2026,8,24)+3*7+1) + COUNTIF('08_빅분기_필기_DB'!$I$4:$K$34, DATE(2026,8,24)+3*7+1) + COUNTIF('09_빅분기_실기_DB'!$H$4:$I$25, DATE(2026,8,24)+3*7+1) | G12: =COUNTIFS('02_SWEA_통합_코딩테스트_DB'!$F$4:$F$1260, DATE(2026,8,24)+4*7+1, '02_SWEA_통합_코딩테스트_DB'!$J$4:$J$1260, "<>보류*") + COUNTIFS('02_SWEA_통합_코딩테스트_DB'!$G$4:$G$1260, DATE(2026,8,24)+4*7+1, '02_SWEA_통합_코딩테스트_DB'!$J$4:$J$1260, "<>보류*") + COUNTIFS('02_SWEA_통합_코딩테스트_DB'!$H$4:$H$1260, DATE(2026,8,24)+4*7+1, '02_SWEA_통합_코딩테스트_DB'!$J$4:$J$1260, "<>보류*") + COUNTIFS('02_SWEA_통합_코딩테스트_DB'!$I$4:$I$1260, DATE(2026,8,24)+4*7+1, '02_SWEA_통합_코딩테스트_DB'!$J$4:$J$1260, "<>보류*") + COUNTIF('03_보안기사_필기_DB'!$I$4:$M$100, DATE(2026,8,24)+4*7+1) + COUNTIF('04_보안기사_실기_DB'!$G$4:$I$30, DATE(2026,8,24)+4*7+1) + COUNTIF('08_빅분기_필기_DB'!$I$4:$K$34, DATE(2026,8,24)+4*7+1) + COUNTIF('09_빅분기_실기_DB'!$H$4:$I$25, DATE(2026,8,24)+4*7+1) | H12: =COUNTIFS('02_SWEA_통합_코딩테스트_DB'!$F$4:$F$1260, DATE(2026,8,24)+5*7+1, '02_SWEA_통합_코딩테스트_DB'!$J$4:$J$1260, "<>보류*") + COUNTIFS('02_SWEA_통합_코딩테스트_DB'!$G$4:$G$1260, DATE(2026,8,24)+5*7+1, '02_SWEA_통합_코딩테스트_DB'!$J$4:$J$1260, "<>보류*") + COUNTIFS('02_SWEA_통합_코딩테스트_DB'!$H$4:$H$1260, DATE(2026,8,24)+5*7+1, '02_SWEA_통합_코딩테스트_DB'!$J$4:$J$1260, "<>보류*") + COUNTIFS('02_SWEA_통합_코딩테스트_DB'!$I$4:$I$1260, DATE(2026,8,24)+5*7+1, '02_SWEA_통합_코딩테스트_DB'!$J$4:$J$1260, "<>보류*") + COUNTIF('03_보안기사_필기_DB'!$I$4:$M$100, DATE(2026,8,24)+5*7+1) + COUNTIF('04_보안기사_실기_DB'!$G$4:$I$30, DATE(2026,8,24)+5*7+1) + COUNTIF('08_빅분기_필기_DB'!$I$4:$K$34, DATE(2026,8,24)+5*7+1) + COUNTIF('09_빅분기_실기_DB'!$H$4:$I$25, DATE(2026,8,24)+5*7+1) | I12: =COUNTIFS('02_SWEA_통합_코딩테스트_DB'!$F$4:$F$1260, DATE(2026,8,24)+6*7+1, '02_SWEA_통합_코딩테스트_DB'!$J$4:$J$1260, "<>보류*") + COUNTIFS('02_SWEA_통합_코딩테스트_DB'!$G$4:$G$1260, DATE(2026,8,24)+6*7+1, '02_SWEA_통합_코딩테스트_DB'!$J$4:$J$1260, "<>보류*") + COUNTIFS('02_SWEA_통합_코딩테스트_DB'!$H$4:$H$1260, DATE(2026,8,24)+6*7+1, '02_SWEA_통합_코딩테스트_DB'!$J$4:$J$1260, "<>보류*") + COUNTIFS('02_SWEA_통합_코딩테스트_DB'!$I$4:$I$1260, DATE(2026,8,24)+6*7+1, '02_SWEA_통합_코딩테스트_DB'!$J$4:$J$1260, "<>보류*") + COUNTIF('03_보안기사_필기_DB'!$I$4:$M$100, DATE(2026,8,24)+6*7+1) + COUNTIF('04_보안기사_실기_DB'!$G$4:$I$30, DATE(2026,8,24)+6*7+1) + COUNTIF('08_빅분기_필기_DB'!$I$4:$K$34, DATE(2026,8,24)+6*7+1) + COUNTIF('09_빅분기_실기_DB'!$H$4:$I$25, DATE(2026,8,24)+6*7+1) | J12: =COUNTIFS('02_SWEA_통합_코딩테스트_DB'!$F$4:$F$1260, DATE(2026,8,24)+7*7+1, '02_SWEA_통합_코딩테스트_DB'!$J$4:$J$1260, "<>보류*") + COUNTIFS('02_SWEA_통합_코딩테스트_DB'!$G$4:$G$1260, DATE(2026,8,24)+7*7+1, '02_SWEA_통합_코딩테스트_DB'!$J$4:$J$1260, "<>보류*") + COUNTIFS('02_SWEA_통합_코딩테스트_DB'!$H$4:$H$1260, DATE(2026,8,24)+7*7+1, '02_SWEA_통합_코딩테스트_DB'!$J$4:$J$1260, "<>보류*") + COUNTIFS('02_SWEA_통합_코딩테스트_DB'!$I$4:$I$1260, DATE(2026,8,24)+7*7+1, '02_SWEA_통합_코딩테스트_DB'!$J$4:$J$1260, "<>보류*") + COUNTIF('03_보안기사_필기_DB'!$I$4:$M$100, DATE(2026,8,24)+7*7+1) + COUNTIF('04_보안기사_실기_DB'!$G$4:$I$30, DATE(2026,8,24)+7*7+1) + COUNTIF('08_빅분기_필기_DB'!$I$4:$K$34, DATE(2026,8,24)+7*7+1) + COUNTIF('09_빅분기_실기_DB'!$H$4:$I$25, DATE(2026,8,24)+7*7+1) | K12: =COUNTIFS('02_SWEA_통합_코딩테스트_DB'!$F$4:$F$1260, DATE(2026,8,24)+8*7+1, '02_SWEA_통합_코딩테스트_DB'!$J$4:$J$1260, "<>보류*") + COUNTIFS('02_SWEA_통합_코딩테스트_DB'!$G$4:$G$1260, DATE(2026,8,24)+8*7+1, '02_SWEA_통합_코딩테스트_DB'!$J$4:$J$1260, "<>보류*") + COUNTIFS('02_SWEA_통합_코딩테스트_DB'!$H$4:$H$1260, DATE(2026,8,24)+8*7+1, '02_SWEA_통합_코딩테스트_DB'!$J$4:$J$1260, "<>보류*") + COUNTIFS('02_SWEA_통합_코딩테스트_DB'!$I$4:$I$1260, DATE(2026,8,24)+8*7+1, '02_SWEA_통합_코딩테스트_DB'!$J$4:$J$1260, "<>보류*") + COUNTIF('03_보안기사_필기_DB'!$I$4:$M$100, DATE(2026,8,24)+8*7+1) + COUNTIF('04_보안기사_실기_DB'!$G$4:$I$30, DATE(2026,8,24)+8*7+1) + COUNTIF('08_빅분기_필기_DB'!$I$4:$K$34, DATE(2026,8,24)+8*7+1) + COUNTIF('09_빅분기_실기_DB'!$H$4:$I$25, DATE(2026,8,24)+8*7+1) | L12: =COUNTIFS('02_SWEA_통합_코딩테스트_DB'!$F$4:$F$1260, DATE(2026,8,24)+9*7+1, '02_SWEA_통합_코딩테스트_DB'!$J$4:$J$1260, "<>보류*") + COUNTIFS('02_SWEA_통합_코딩테스트_DB'!$G$4:$G$1260, DATE(2026,8,24)+9*7+1, '02_SWEA_통합_코딩테스트_DB'!$J$4:$J$1260, "<>보류*") + COUNTIFS('02_SWEA_통합_코딩테스트_DB'!$H$4:$H$1260, DATE(2026,8,24)+9*7+1, '02_SWEA_통합_코딩테스트_DB'!$J$4:$J$1260, "<>보류*") + COUNTIFS('02_SWEA_통합_코딩테스트_DB'!$I$4:$I$1260, DATE(2026,8,24)+9*7+1, '02_SWEA_통합_코딩테스트_DB'!$J$4:$J$1260, "<>보류*") + COUNTIF('03_보안기사_필기_DB'!$I$4:$M$100, DATE(2026,8,24)+9*7+1) + COUNTIF('04_보안기사_실기_DB'!$G$4:$I$30, DATE(2026,8,24)+9*7+1) + COUNTIF('08_빅분기_필기_DB'!$I$4:$K$34, DATE(2026,8,24)+9*7+1) + COUNTIF('09_빅분기_실기_DB'!$H$4:$I$25, DATE(2026,8,24)+9*7+1) | M12: =COUNTIFS('02_SWEA_통합_코딩테스트_DB'!$F$4:$F$1260, DATE(2026,8,24)+10*7+1, '02_SWEA_통합_코딩테스트_DB'!$J$4:$J$1260, "<>보류*") + COUNTIFS('02_SWEA_통합_코딩테스트_DB'!$G$4:$G$1260, DATE(2026,8,24)+10*7+1, '02_SWEA_통합_코딩테스트_DB'!$J$4:$J$1260, "<>보류*") + COUNTIFS('02_SWEA_통합_코딩테스트_DB'!$H$4:$H$1260, DATE(2026,8,24)+10*7+1, '02_SWEA_통합_코딩테스트_DB'!$J$4:$J$1260, "<>보류*") + COUNTIFS('02_SWEA_통합_코딩테스트_DB'!$I$4:$I$1260, DATE(2026,8,24)+10*7+1, '02_SWEA_통합_코딩테스트_DB'!$J$4:$J$1260, "<>보류*") + COUNTIF('03_보안기사_필기_DB'!$I$4:$M$100, DATE(2026,8,24)+10*7+1) + COUNTIF('04_보안기사_실기_DB'!$G$4:$I$30, DATE(2026,8,24)+10*7+1) + COUNTIF('08_빅분기_필기_DB'!$I$4:$K$34, DATE(2026,8,24)+10*7+1) + COUNTIF('09_빅분기_실기_DB'!$H$4:$I$25, DATE(2026,8,24)+10*7+1) | N12: =COUNTIFS('02_SWEA_통합_코딩테스트_DB'!$F$4:$F$1260, DATE(2026,8,24)+11*7+1, '02_SWEA_통합_코딩테스트_DB'!$J$4:$J$1260, "<>보류*") + COUNTIFS('02_SWEA_통합_코딩테스트_DB'!$G$4:$G$1260, DATE(2026,8,24)+11*7+1, '02_SWEA_통합_코딩테스트_DB'!$J$4:$J$1260, "<>보류*") + COUNTIFS('02_SWEA_통합_코딩테스트_DB'!$H$4:$H$1260, DATE(2026,8,24)+11*7+1, '02_SWEA_통합_코딩테스트_DB'!$J$4:$J$1260, "<>보류*") + COUNTIFS('02_SWEA_통합_코딩테스트_DB'!$I$4:$I$1260, DATE(2026,8,24)+11*7+1, '02_SWEA_통합_코딩테스트_DB'!$J$4:$J$1260, "<>보류*") + COUNTIF('03_보안기사_필기_DB'!$I$4:$M$100, DATE(2026,8,24)+11*7+1) + COUNTIF('04_보안기사_실기_DB'!$G$4:$I$30, DATE(2026,8,24)+11*7+1) + COUNTIF('08_빅분기_필기_DB'!$I$4:$K$34, DATE(2026,8,24)+11*7+1) + COUNTIF('09_빅분기_실기_DB'!$H$4:$I$25, DATE(2026,8,24)+11*7+1) | O12: =COUNTIFS('02_SWEA_통합_코딩테스트_DB'!$F$4:$F$1260, DATE(2026,8,24)+12*7+1, '02_SWEA_통합_코딩테스트_DB'!$J$4:$J$1260, "<>보류*") + COUNTIFS('02_SWEA_통합_코딩테스트_DB'!$G$4:$G$1260, DATE(2026,8,24)+12*7+1, '02_SWEA_통합_코딩테스트_DB'!$J$4:$J$1260, "<>보류*") + COUNTIFS('02_SWEA_통합_코딩테스트_DB'!$H$4:$H$1260, DATE(2026,8,24)+12*7+1, '02_SWEA_통합_코딩테스트_DB'!$J$4:$J$1260, "<>보류*") + COUNTIFS('02_SWEA_통합_코딩테스트_DB'!$I$4:$I$1260, DATE(2026,8,24)+12*7+1, '02_SWEA_통합_코딩테스트_DB'!$J$4:$J$1260, "<>보류*") + COUNTIF('03_보안기사_필기_DB'!$I$4:$M$100, DATE(2026,8,24)+12*7+1) + COUNTIF('04_보안기사_실기_DB'!$G$4:$I$30, DATE(2026,8,24)+12*7+1) + COUNTIF('08_빅분기_필기_DB'!$I$4:$K$34, DATE(2026,8,24)+12*7+1) + COUNTIF('09_빅분기_실기_DB'!$H$4:$I$25, DATE(2026,8,24)+12*7+1) | P12: =COUNTIFS('02_SWEA_통합_코딩테스트_DB'!$F$4:$F$1260, DATE(2026,8,24)+13*7+1, '02_SWEA_통합_코딩테스트_DB'!$J$4:$J$1260, "<>보류*") + COUNTIFS('02_SWEA_통합_코딩테스트_DB'!$G$4:$G$1260, DATE(2026,8,24)+13*7+1, '02_SWEA_통합_코딩테스트_DB'!$J$4:$J$1260, "<>보류*") + COUNTIFS('02_SWEA_통합_코딩테스트_DB'!$H$4:$H$1260, DATE(2026,8,24)+13*7+1, '02_SWEA_통합_코딩테스트_DB'!$J$4:$J$1260, "<>보류*") + COUNTIFS('02_SWEA_통합_코딩테스트_DB'!$I$4:$I$1260, DATE(2026,8,24)+13*7+1, '02_SWEA_통합_코딩테스트_DB'!$J$4:$J$1260, "<>보류*") + COUNTIF('03_보안기사_필기_DB'!$I$4:$M$100, DATE(2026,8,24)+13*7+1) + COUNTIF('04_보안기사_실기_DB'!$G$4:$I$30, DATE(2026,8,24)+13*7+1) + COUNTIF('08_빅분기_필기_DB'!$I$4:$K$34, DATE(2026,8,24)+13*7+1) + COUNTIF('09_빅분기_실기_DB'!$H$4:$I$25, DATE(2026,8,24)+13*7+1) | Q12: =COUNTIFS('02_SWEA_통합_코딩테스트_DB'!$F$4:$F$1260, DATE(2026,8,24)+14*7+1, '02_SWEA_통합_코딩테스트_DB'!$J$4:$J$1260, "<>보류*") + COUNTIFS('02_SWEA_통합_코딩테스트_DB'!$G$4:$G$1260, DATE(2026,8,24)+14*7+1, '02_SWEA_통합_코딩테스트_DB'!$J$4:$J$1260, "<>보류*") + COUNTIFS('02_SWEA_통합_코딩테스트_DB'!$H$4:$H$1260, DATE(2026,8,24)+14*7+1, '02_SWEA_통합_코딩테스트_DB'!$J$4:$J$1260, "<>보류*") + COUNTIFS('02_SWEA_통합_코딩테스트_DB'!$I$4:$I$1260, DATE(2026,8,24)+14*7+1, '02_SWEA_통합_코딩테스트_DB'!$J$4:$J$1260, "<>보류*") + COUNTIF('03_보안기사_필기_DB'!$I$4:$M$100, DATE(2026,8,24)+14*7+1) + COUNTIF('04_보안기사_실기_DB'!$G$4:$I$30, DATE(2026,8,24)+14*7+1) + COUNTIF('08_빅분기_필기_DB'!$I$4:$K$34, DATE(2026,8,24)+14*7+1) + COUNTIF('09_빅분기_실기_DB'!$H$4:$I$25, DATE(2026,8,24)+14*7+1) | R12: =COUNTIFS('02_SWEA_통합_코딩테스트_DB'!$F$4:$F$1260, DATE(2026,8,24)+15*7+1, '02_SWEA_통합_코딩테스트_DB'!$J$4:$J$1260, "<>보류*") + COUNTIFS('02_SWEA_통합_코딩테스트_DB'!$G$4:$G$1260, DATE(2026,8,24)+15*7+1, '02_SWEA_통합_코딩테스트_DB'!$J$4:$J$1260, "<>보류*") + COUNTIFS('02_SWEA_통합_코딩테스트_DB'!$H$4:$H$1260, DATE(2026,8,24)+15*7+1, '02_SWEA_통합_코딩테스트_DB'!$J$4:$J$1260, "<>보류*") + COUNTIFS('02_SWEA_통합_코딩테스트_DB'!$I$4:$I$1260, DATE(2026,8,24)+15*7+1, '02_SWEA_통합_코딩테스트_DB'!$J$4:$J$1260, "<>보류*") + COUNTIF('03_보안기사_필기_DB'!$I$4:$M$100, DATE(2026,8,24)+15*7+1) + COUNTIF('04_보안기사_실기_DB'!$G$4:$I$30, DATE(2026,8,24)+15*7+1) + COUNTIF('08_빅분기_필기_DB'!$I$4:$K$34, DATE(2026,8,24)+15*7+1) + COUNTIF('09_빅분기_실기_DB'!$H$4:$I$25, DATE(2026,8,24)+15*7+1) | S12: =COUNTIFS('02_SWEA_통합_코딩테스트_DB'!$F$4:$F$1260, DATE(2026,8,24)+16*7+1, '02_SWEA_통합_코딩테스트_DB'!$J$4:$J$1260, "<>보류*") + COUNTIFS('02_SWEA_통합_코딩테스트_DB'!$G$4:$G$1260, DATE(2026,8,24)+16*7+1, '02_SWEA_통합_코딩테스트_DB'!$J$4:$J$1260, "<>보류*") + COUNTIFS('02_SWEA_통합_코딩테스트_DB'!$H$4:$H$1260, DATE(2026,8,24)+16*7+1, '02_SWEA_통합_코딩테스트_DB'!$J$4:$J$1260, "<>보류*") + COUNTIFS('02_SWEA_통합_코딩테스트_DB'!$I$4:$I$1260, DATE(2026,8,24)+16*7+1, '02_SWEA_통합_코딩테스트_DB'!$J$4:$J$1260, "<>보류*") + COUNTIF('03_보안기사_필기_DB'!$I$4:$M$100, DATE(2026,8,24)+16*7+1) + COUNTIF('04_보안기사_실기_DB'!$G$4:$I$30, DATE(2026,8,24)+16*7+1) + COUNTIF('08_빅분기_필기_DB'!$I$4:$K$34, DATE(2026,8,24)+16*7+1) + COUNTIF('09_빅분기_실기_DB'!$H$4:$I$25, DATE(2026,8,24)+16*7+1) | T12: =COUNTIFS('02_SWEA_통합_코딩테스트_DB'!$F$4:$F$1260, DATE(2026,8,24)+17*7+1, '02_SWEA_통합_코딩테스트_DB'!$J$4:$J$1260, "<>보류*") + COUNTIFS('02_SWEA_통합_코딩테스트_DB'!$G$4:$G$1260, DATE(2026,8,24)+17*7+1, '02_SWEA_통합_코딩테스트_DB'!$J$4:$J$1260, "<>보류*") + COUNTIFS('02_SWEA_통합_코딩테스트_DB'!$H$4:$H$1260, DATE(2026,8,24)+17*7+1, '02_SWEA_통합_코딩테스트_DB'!$J$4:$J$1260, "<>보류*") + COUNTIFS('02_SWEA_통합_코딩테스트_DB'!$I$4:$I$1260, DATE(2026,8,24)+17*7+1, '02_SWEA_통합_코딩테스트_DB'!$J$4:$J$1260, "<>보류*") + COUNTIF('03_보안기사_필기_DB'!$I$4:$M$100, DATE(2026,8,24)+17*7+1) + COUNTIF('04_보안기사_실기_DB'!$G$4:$I$30, DATE(2026,8,24)+17*7+1) + COUNTIF('08_빅분기_필기_DB'!$I$4:$K$34, DATE(2026,8,24)+17*7+1) + COUNTIF('09_빅분기_실기_DB'!$H$4:$I$25, DATE(2026,8,24)+17*7+1) | U12: =COUNTIFS('02_SWEA_통합_코딩테스트_DB'!$F$4:$F$1260, DATE(2026,8,24)+18*7+1, '02_SWEA_통합_코딩테스트_DB'!$J$4:$J$1260, "<>보류*") + COUNTIFS('02_SWEA_통합_코딩테스트_DB'!$G$4:$G$1260, DATE(2026,8,24)+18*7+1, '02_SWEA_통합_코딩테스트_DB'!$J$4:$J$1260, "<>보류*") + COUNTIFS('02_SWEA_통합_코딩테스트_DB'!$H$4:$H$1260, DATE(2026,8,24)+18*7+1, '02_SWEA_통합_코딩테스트_DB'!$J$4:$J$1260, "<>보류*") + COUNTIFS('02_SWEA_통합_코딩테스트_DB'!$I$4:$I$1260, DATE(2026,8,24)+18*7+1, '02_SWEA_통합_코딩테스트_DB'!$J$4:$J$1260, "<>보류*") + COUNTIF('03_보안기사_필기_DB'!$I$4:$M$100, DATE(2026,8,24)+18*7+1) + COUNTIF('04_보안기사_실기_DB'!$G$4:$I$30, DATE(2026,8,24)+18*7+1) + COUNTIF('08_빅분기_필기_DB'!$I$4:$K$34, DATE(2026,8,24)+18*7+1) + COUNTIF('09_빅분기_실기_DB'!$H$4:$I$25, DATE(2026,8,24)+18*7+1) | V12: =COUNTIFS('02_SWEA_통합_코딩테스트_DB'!$F$4:$F$1260, DATE(2026,8,24)+19*7+1, '02_SWEA_통합_코딩테스트_DB'!$J$4:$J$1260, "<>보류*") + COUNTIFS('02_SWEA_통합_코딩테스트_DB'!$G$4:$G$1260, DATE(2026,8,24)+19*7+1, '02_SWEA_통합_코딩테스트_DB'!$J$4:$J$1260, "<>보류*") + COUNTIFS('02_SWEA_통합_코딩테스트_DB'!$H$4:$H$1260, DATE(2026,8,24)+19*7+1, '02_SWEA_통합_코딩테스트_DB'!$J$4:$J$1260, "<>보류*") + COUNTIFS('02_SWEA_통합_코딩테스트_DB'!$I$4:$I$1260, DATE(2026,8,24)+19*7+1, '02_SWEA_통합_코딩테스트_DB'!$J$4:$J$1260, "<>보류*") + COUNTIF('03_보안기사_필기_DB'!$I$4:$M$100, DATE(2026,8,24)+19*7+1) + COUNTIF('04_보안기사_실기_DB'!$G$4:$I$30, DATE(2026,8,24)+19*7+1) + COUNTIF('08_빅분기_필기_DB'!$I$4:$K$34, DATE(2026,8,24)+19*7+1) + COUNTIF('09_빅분기_실기_DB'!$H$4:$I$25, DATE(2026,8,24)+19*7+1) | W12: =COUNTIFS('02_SWEA_통합_코딩테스트_DB'!$F$4:$F$1260, DATE(2026,8,24)+20*7+1, '02_SWEA_통합_코딩테스트_DB'!$J$4:$J$1260, "<>보류*") + COUNTIFS('02_SWEA_통합_코딩테스트_DB'!$G$4:$G$1260, DATE(2026,8,24)+20*7+1, '02_SWEA_통합_코딩테스트_DB'!$J$4:$J$1260, "<>보류*") + COUNTIFS('02_SWEA_통합_코딩테스트_DB'!$H$4:$H$1260, DATE(2026,8,24)+20*7+1, '02_SWEA_통합_코딩테스트_DB'!$J$4:$J$1260, "<>보류*") + COUNTIFS('02_SWEA_통합_코딩테스트_DB'!$I$4:$I$1260, DATE(2026,8,24)+20*7+1, '02_SWEA_통합_코딩테스트_DB'!$J$4:$J$1260, "<>보류*") + COUNTIF('03_보안기사_필기_DB'!$I$4:$M$100, DATE(2026,8,24)+20*7+1) + COUNTIF('04_보안기사_실기_DB'!$G$4:$I$30, DATE(2026,8,24)+20*7+1) + COUNTIF('08_빅분기_필기_DB'!$I$4:$K$34, DATE(2026,8,24)+20*7+1) + COUNTIF('09_빅분기_실기_DB'!$H$4:$I$25, DATE(2026,8,24)+20*7+1) | X12: =COUNTIFS('02_SWEA_통합_코딩테스트_DB'!$F$4:$F$1260, DATE(2026,8,24)+21*7+1, '02_SWEA_통합_코딩테스트_DB'!$J$4:$J$1260, "<>보류*") + COUNTIFS('02_SWEA_통합_코딩테스트_DB'!$G$4:$G$1260, DATE(2026,8,24)+21*7+1, '02_SWEA_통합_코딩테스트_DB'!$J$4:$J$1260, "<>보류*") + COUNTIFS('02_SWEA_통합_코딩테스트_DB'!$H$4:$H$1260, DATE(2026,8,24)+21*7+1, '02_SWEA_통합_코딩테스트_DB'!$J$4:$J$1260, "<>보류*") + COUNTIFS('02_SWEA_통합_코딩테스트_DB'!$I$4:$I$1260, DATE(2026,8,24)+21*7+1, '02_SWEA_통합_코딩테스트_DB'!$J$4:$J$1260, "<>보류*") + COUNTIF('03_보안기사_필기_DB'!$I$4:$M$100, DATE(2026,8,24)+21*7+1) + COUNTIF('04_보안기사_실기_DB'!$G$4:$I$30, DATE(2026,8,24)+21*7+1) + COUNTIF('08_빅분기_필기_DB'!$I$4:$K$34, DATE(2026,8,24)+21*7+1) + COUNTIF('09_빅분기_실기_DB'!$H$4:$I$25, DATE(2026,8,24)+21*7+1) | Y12: =COUNTIFS('02_SWEA_통합_코딩테스트_DB'!$F$4:$F$1260, DATE(2026,8,24)+22*7+1, '02_SWEA_통합_코딩테스트_DB'!$J$4:$J$1260, "<>보류*") + COUNTIFS('02_SWEA_통합_코딩테스트_DB'!$G$4:$G$1260, DATE(2026,8,24)+22*7+1, '02_SWEA_통합_코딩테스트_DB'!$J$4:$J$1260, "<>보류*") + COUNTIFS('02_SWEA_통합_코딩테스트_DB'!$H$4:$H$1260, DATE(2026,8,24)+22*7+1, '02_SWEA_통합_코딩테스트_DB'!$J$4:$J$1260, "<>보류*") + COUNTIFS('02_SWEA_통합_코딩테스트_DB'!$I$4:$I$1260, DATE(2026,8,24)+22*7+1, '02_SWEA_통합_코딩테스트_DB'!$J$4:$J$1260, "<>보류*") + COUNTIF('03_보안기사_필기_DB'!$I$4:$M$100, DATE(2026,8,24)+22*7+1) + COUNTIF('04_보안기사_실기_DB'!$G$4:$I$30, DATE(2026,8,24)+22*7+1) + COUNTIF('08_빅분기_필기_DB'!$I$4:$K$34, DATE(2026,8,24)+22*7+1) + COUNTIF('09_빅분기_실기_DB'!$H$4:$I$25, DATE(2026,8,24)+22*7+1) | Z12: =COUNTIFS('02_SWEA_통합_코딩테스트_DB'!$F$4:$F$1260, DATE(2026,8,24)+23*7+1, '02_SWEA_통합_코딩테스트_DB'!$J$4:$J$1260, "<>보류*") + COUNTIFS('02_SWEA_통합_코딩테스트_DB'!$G$4:$G$1260, DATE(2026,8,24)+23*7+1, '02_SWEA_통합_코딩테스트_DB'!$J$4:$J$1260, "<>보류*") + COUNTIFS('02_SWEA_통합_코딩테스트_DB'!$H$4:$H$1260, DATE(2026,8,24)+23*7+1, '02_SWEA_통합_코딩테스트_DB'!$J$4:$J$1260, "<>보류*") + COUNTIFS('02_SWEA_통합_코딩테스트_DB'!$I$4:$I$1260, DATE(2026,8,24)+23*7+1, '02_SWEA_통합_코딩테스트_DB'!$J$4:$J$1260, "<>보류*") + COUNTIF('03_보안기사_필기_DB'!$I$4:$M$100, DATE(2026,8,24)+23*7+1) + COUNTIF('04_보안기사_실기_DB'!$G$4:$I$30, DATE(2026,8,24)+23*7+1) + COUNTIF('08_빅분기_필기_DB'!$I$4:$K$34, DATE(2026,8,24)+23*7+1) + COUNTIF('09_빅분기_실기_DB'!$H$4:$I$25, DATE(2026,8,24)+23*7+1) | AA12: =COUNTIFS('02_SWEA_통합_코딩테스트_DB'!$F$4:$F$1260, DATE(2026,8,24)+24*7+1, '02_SWEA_통합_코딩테스트_DB'!$J$4:$J$1260, "<>보류*") + COUNTIFS('02_SWEA_통합_코딩테스트_DB'!$G$4:$G$1260, DATE(2026,8,24)+24*7+1, '02_SWEA_통합_코딩테스트_DB'!$J$4:$J$1260, "<>보류*") + COUNTIFS('02_SWEA_통합_코딩테스트_DB'!$H$4:$H$1260, DATE(2026,8,24)+24*7+1, '02_SWEA_통합_코딩테스트_DB'!$J$4:$J$1260, "<>보류*") + COUNTIFS('02_SWEA_통합_코딩테스트_DB'!$I$4:$I$1260, DATE(2026,8,24)+24*7+1, '02_SWEA_통합_코딩테스트_DB'!$J$4:$J$1260, "<>보류*") + COUNTIF('03_보안기사_필기_DB'!$I$4:$M$100, DATE(2026,8,24)+24*7+1) + COUNTIF('04_보안기사_실기_DB'!$G$4:$I$30, DATE(2026,8,24)+24*7+1) + COUNTIF('08_빅분기_필기_DB'!$I$4:$K$34, DATE(2026,8,24)+24*7+1) + COUNTIF('09_빅분기_실기_DB'!$H$4:$I$25, DATE(2026,8,24)+24*7+1) | AB12: =COUNTIFS('02_SWEA_통합_코딩테스트_DB'!$F$4:$F$1260, DATE(2026,8,24)+25*7+1, '02_SWEA_통합_코딩테스트_DB'!$J$4:$J$1260, "<>보류*") + COUNTIFS('02_SWEA_통합_코딩테스트_DB'!$G$4:$G$1260, DATE(2026,8,24)+25*7+1, '02_SWEA_통합_코딩테스트_DB'!$J$4:$J$1260, "<>보류*") + COUNTIFS('02_SWEA_통합_코딩테스트_DB'!$H$4:$H$1260, DATE(2026,8,24)+25*7+1, '02_SWEA_통합_코딩테스트_DB'!$J$4:$J$1260, "<>보류*") + COUNTIFS('02_SWEA_통합_코딩테스트_DB'!$I$4:$I$1260, DATE(2026,8,24)+25*7+1, '02_SWEA_통합_코딩테스트_DB'!$J$4:$J$1260, "<>보류*") + COUNTIF('03_보안기사_필기_DB'!$I$4:$M$100, DATE(2026,8,24)+25*7+1) + COUNTIF('04_보안기사_실기_DB'!$G$4:$I$30, DATE(2026,8,24)+25*7+1) + COUNTIF('08_빅분기_필기_DB'!$I$4:$K$34, DATE(2026,8,24)+25*7+1) + COUNTIF('09_빅분기_실기_DB'!$H$4:$I$25, DATE(2026,8,24)+25*7+1) | AC12: =COUNTIFS('02_SWEA_통합_코딩테스트_DB'!$F$4:$F$1260, DATE(2026,8,24)+26*7+1, '02_SWEA_통합_코딩테스트_DB'!$J$4:$J$1260, "<>보류*") + COUNTIFS('02_SWEA_통합_코딩테스트_DB'!$G$4:$G$1260, DATE(2026,8,24)+26*7+1, '02_SWEA_통합_코딩테스트_DB'!$J$4:$J$1260, "<>보류*") + COUNTIFS('02_SWEA_통합_코딩테스트_DB'!$H$4:$H$1260, DATE(2026,8,24)+26*7+1, '02_SWEA_통합_코딩테스트_DB'!$J$4:$J$1260, "<>보류*") + COUNTIFS('02_SWEA_통합_코딩테스트_DB'!$I$4:$I$1260, DATE(2026,8,24)+26*7+1, '02_SWEA_통합_코딩테스트_DB'!$J$4:$J$1260, "<>보류*") + COUNTIF('03_보안기사_필기_DB'!$I$4:$M$100, DATE(2026,8,24)+26*7+1) + COUNTIF('04_보안기사_실기_DB'!$G$4:$I$30, DATE(2026,8,24)+26*7+1) + COUNTIF('08_빅분기_필기_DB'!$I$4:$K$34, DATE(2026,8,24)+26*7+1) + COUNTIF('09_빅분기_실기_DB'!$H$4:$I$25, DATE(2026,8,24)+26*7+1) | AD12: =COUNTIFS('02_SWEA_통합_코딩테스트_DB'!$F$4:$F$1260, DATE(2026,8,24)+27*7+1, '02_SWEA_통합_코딩테스트_DB'!$J$4:$J$1260, "<>보류*") + COUNTIFS('02_SWEA_통합_코딩테스트_DB'!$G$4:$G$1260, DATE(2026,8,24)+27*7+1, '02_SWEA_통합_코딩테스트_DB'!$J$4:$J$1260, "<>보류*") + COUNTIFS('02_SWEA_통합_코딩테스트_DB'!$H$4:$H$1260, DATE(2026,8,24)+27*7+1, '02_SWEA_통합_코딩테스트_DB'!$J$4:$J$1260, "<>보류*") + COUNTIFS('02_SWEA_통합_코딩테스트_DB'!$I$4:$I$1260, DATE(2026,8,24)+27*7+1, '02_SWEA_통합_코딩테스트_DB'!$J$4:$J$1260, "<>보류*") + COUNTIF('03_보안기사_필기_DB'!$I$4:$M$100, DATE(2026,8,24)+27*7+1) + COUNTIF('04_보안기사_실기_DB'!$G$4:$I$30, DATE(2026,8,24)+27*7+1) + COUNTIF('08_빅분기_필기_DB'!$I$4:$K$34, DATE(2026,8,24)+27*7+1) + COUNTIF('09_빅분기_실기_DB'!$H$4:$I$25, DATE(2026,8,24)+27*7+1) | AE12: =COUNTIFS('02_SWEA_통합_코딩테스트_DB'!$F$4:$F$1260, DATE(2026,8,24)+28*7+1, '02_SWEA_통합_코딩테스트_DB'!$J$4:$J$1260, "<>보류*") + COUNTIFS('02_SWEA_통합_코딩테스트_DB'!$G$4:$G$1260, DATE(2026,8,24)+28*7+1, '02_SWEA_통합_코딩테스트_DB'!$J$4:$J$1260, "<>보류*") + COUNTIFS('02_SWEA_통합_코딩테스트_DB'!$H$4:$H$1260, DATE(2026,8,24)+28*7+1, '02_SWEA_통합_코딩테스트_DB'!$J$4:$J$1260, "<>보류*") + COUNTIFS('02_SWEA_통합_코딩테스트_DB'!$I$4:$I$1260, DATE(2026,8,24)+28*7+1, '02_SWEA_통합_코딩테스트_DB'!$J$4:$J$1260, "<>보류*") + COUNTIF('03_보안기사_필기_DB'!$I$4:$M$100, DATE(2026,8,24)+28*7+1) + COUNTIF('04_보안기사_실기_DB'!$G$4:$I$30, DATE(2026,8,24)+28*7+1) + COUNTIF('08_빅분기_필기_DB'!$I$4:$K$34, DATE(2026,8,24)+28*7+1) + COUNTIF('09_빅분기_실기_DB'!$H$4:$I$25, DATE(2026,8,24)+28*7+1) | AF12: =COUNTIFS('02_SWEA_통합_코딩테스트_DB'!$F$4:$F$1260, DATE(2026,8,24)+29*7+1, '02_SWEA_통합_코딩테스트_DB'!$J$4:$J$1260, "<>보류*") + COUNTIFS('02_SWEA_통합_코딩테스트_DB'!$G$4:$G$1260, DATE(2026,8,24)+29*7+1, '02_SWEA_통합_코딩테스트_DB'!$J$4:$J$1260, "<>보류*") + COUNTIFS('02_SWEA_통합_코딩테스트_DB'!$H$4:$H$1260, DATE(2026,8,24)+29*7+1, '02_SWEA_통합_코딩테스트_DB'!$J$4:$J$1260, "<>보류*") + COUNTIFS('02_SWEA_통합_코딩테스트_DB'!$I$4:$I$1260, DATE(2026,8,24)+29*7+1, '02_SWEA_통합_코딩테스트_DB'!$J$4:$J$1260, "<>보류*") + COUNTIF('03_보안기사_필기_DB'!$I$4:$M$100, DATE(2026,8,24)+29*7+1) + COUNTIF('04_보안기사_실기_DB'!$G$4:$I$30, DATE(2026,8,24)+29*7+1) + COUNTIF('08_빅분기_필기_DB'!$I$4:$K$34, DATE(2026,8,24)+29*7+1) + COUNTIF('09_빅분기_실기_DB'!$H$4:$I$25, DATE(2026,8,24)+29*7+1) | AG12: =COUNTIFS('02_SWEA_통합_코딩테스트_DB'!$F$4:$F$1260, DATE(2026,8,24)+30*7+1, '02_SWEA_통합_코딩테스트_DB'!$J$4:$J$1260, "<>보류*") + COUNTIFS('02_SWEA_통합_코딩테스트_DB'!$G$4:$G$1260, DATE(2026,8,24)+30*7+1, '02_SWEA_통합_코딩테스트_DB'!$J$4:$J$1260, "<>보류*") + COUNTIFS('02_SWEA_통합_코딩테스트_DB'!$H$4:$H$1260, DATE(2026,8,24)+30*7+1, '02_SWEA_통합_코딩테스트_DB'!$J$4:$J$1260, "<>보류*") + COUNTIFS('02_SWEA_통합_코딩테스트_DB'!$I$4:$I$1260, DATE(2026,8,24)+30*7+1, '02_SWEA_통합_코딩테스트_DB'!$J$4:$J$1260, "<>보류*") + COUNTIF('03_보안기사_필기_DB'!$I$4:$M$100, DATE(2026,8,24)+30*7+1) + COUNTIF('04_보안기사_실기_DB'!$G$4:$I$30, DATE(2026,8,24)+30*7+1) + COUNTIF('08_빅분기_필기_DB'!$I$4:$K$34, DATE(2026,8,24)+30*7+1) + COUNTIF('09_빅분기_실기_DB'!$H$4:$I$25, DATE(2026,8,24)+30*7+1) | AH12: =COUNTIFS('02_SWEA_통합_코딩테스트_DB'!$F$4:$F$1260, DATE(2026,8,24)+31*7+1, '02_SWEA_통합_코딩테스트_DB'!$J$4:$J$1260, "<>보류*") + COUNTIFS('02_SWEA_통합_코딩테스트_DB'!$G$4:$G$1260, DATE(2026,8,24)+31*7+1, '02_SWEA_통합_코딩테스트_DB'!$J$4:$J$1260, "<>보류*") + COUNTIFS('02_SWEA_통합_코딩테스트_DB'!$H$4:$H$1260, DATE(2026,8,24)+31*7+1, '02_SWEA_통합_코딩테스트_DB'!$J$4:$J$1260, "<>보류*") + COUNTIFS('02_SWEA_통합_코딩테스트_DB'!$I$4:$I$1260, DATE(2026,8,24)+31*7+1, '02_SWEA_통합_코딩테스트_DB'!$J$4:$J$1260, "<>보류*") + COUNTIF('03_보안기사_필기_DB'!$I$4:$M$100, DATE(2026,8,24)+31*7+1) + COUNTIF('04_보안기사_실기_DB'!$G$4:$I$30, DATE(2026,8,24)+31*7+1) + COUNTIF('08_빅분기_필기_DB'!$I$4:$K$34, DATE(2026,8,24)+31*7+1) + COUNTIF('09_빅분기_실기_DB'!$H$4:$I$25, DATE(2026,8,24)+31*7+1) | AI12: =COUNTIFS('02_SWEA_통합_코딩테스트_DB'!$F$4:$F$1260, DATE(2026,8,24)+32*7+1, '02_SWEA_통합_코딩테스트_DB'!$J$4:$J$1260, "<>보류*") + COUNTIFS('02_SWEA_통합_코딩테스트_DB'!$G$4:$G$1260, DATE(2026,8,24)+32*7+1, '02_SWEA_통합_코딩테스트_DB'!$J$4:$J$1260, "<>보류*") + COUNTIFS('02_SWEA_통합_코딩테스트_DB'!$H$4:$H$1260, DATE(2026,8,24)+32*7+1, '02_SWEA_통합_코딩테스트_DB'!$J$4:$J$1260, "<>보류*") + COUNTIFS('02_SWEA_통합_코딩테스트_DB'!$I$4:$I$1260, DATE(2026,8,24)+32*7+1, '02_SWEA_통합_코딩테스트_DB'!$J$4:$J$1260, "<>보류*") + COUNTIF('03_보안기사_필기_DB'!$I$4:$M$100, DATE(2026,8,24)+32*7+1) + COUNTIF('04_보안기사_실기_DB'!$G$4:$I$30, DATE(2026,8,24)+32*7+1) + COUNTIF('08_빅분기_필기_DB'!$I$4:$K$34, DATE(2026,8,24)+32*7+1) + COUNTIF('09_빅분기_실기_DB'!$H$4:$I$25, DATE(2026,8,24)+32*7+1) | AJ12: =COUNTIFS('02_SWEA_통합_코딩테스트_DB'!$F$4:$F$1260, DATE(2026,8,24)+33*7+1, '02_SWEA_통합_코딩테스트_DB'!$J$4:$J$1260, "<>보류*") + COUNTIFS('02_SWEA_통합_코딩테스트_DB'!$G$4:$G$1260, DATE(2026,8,24)+33*7+1, '02_SWEA_통합_코딩테스트_DB'!$J$4:$J$1260, "<>보류*") + COUNTIFS('02_SWEA_통합_코딩테스트_DB'!$H$4:$H$1260, DATE(2026,8,24)+33*7+1, '02_SWEA_통합_코딩테스트_DB'!$J$4:$J$1260, "<>보류*") + COUNTIFS('02_SWEA_통합_코딩테스트_DB'!$I$4:$I$1260, DATE(2026,8,24)+33*7+1, '02_SWEA_통합_코딩테스트_DB'!$J$4:$J$1260, "<>보류*") + COUNTIF('03_보안기사_필기_DB'!$I$4:$M$100, DATE(2026,8,24)+33*7+1) + COUNTIF('04_보안기사_실기_DB'!$G$4:$I$30, DATE(2026,8,24)+33*7+1) + COUNTIF('08_빅분기_필기_DB'!$I$4:$K$34, DATE(2026,8,24)+33*7+1) + COUNTIF('09_빅분기_실기_DB'!$H$4:$I$25, DATE(2026,8,24)+33*7+1) | AK12: =COUNTIFS('02_SWEA_통합_코딩테스트_DB'!$F$4:$F$1260, DATE(2026,8,24)+34*7+1, '02_SWEA_통합_코딩테스트_DB'!$J$4:$J$1260, "<>보류*") + COUNTIFS('02_SWEA_통합_코딩테스트_DB'!$G$4:$G$1260, DATE(2026,8,24)+34*7+1, '02_SWEA_통합_코딩테스트_DB'!$J$4:$J$1260, "<>보류*") + COUNTIFS('02_SWEA_통합_코딩테스트_DB'!$H$4:$H$1260, DATE(2026,8,24)+34*7+1, '02_SWEA_통합_코딩테스트_DB'!$J$4:$J$1260, "<>보류*") + COUNTIFS('02_SWEA_통합_코딩테스트_DB'!$I$4:$I$1260, DATE(2026,8,24)+34*7+1, '02_SWEA_통합_코딩테스트_DB'!$J$4:$J$1260, "<>보류*") + COUNTIF('03_보안기사_필기_DB'!$I$4:$M$100, DATE(2026,8,24)+34*7+1) + COUNTIF('04_보안기사_실기_DB'!$G$4:$I$30, DATE(2026,8,24)+34*7+1) + COUNTIF('08_빅분기_필기_DB'!$I$4:$K$34, DATE(2026,8,24)+34*7+1) + COUNTIF('09_빅분기_실기_DB'!$H$4:$I$25, DATE(2026,8,24)+34*7+1) | AL12: =COUNTIFS('02_SWEA_통합_코딩테스트_DB'!$F$4:$F$1260, DATE(2026,8,24)+35*7+1, '02_SWEA_통합_코딩테스트_DB'!$J$4:$J$1260, "<>보류*") + COUNTIFS('02_SWEA_통합_코딩테스트_DB'!$G$4:$G$1260, DATE(2026,8,24)+35*7+1, '02_SWEA_통합_코딩테스트_DB'!$J$4:$J$1260, "<>보류*") + COUNTIFS('02_SWEA_통합_코딩테스트_DB'!$H$4:$H$1260, DATE(2026,8,24)+35*7+1, '02_SWEA_통합_코딩테스트_DB'!$J$4:$J$1260, "<>보류*") + COUNTIFS('02_SWEA_통합_코딩테스트_DB'!$I$4:$I$1260, DATE(2026,8,24)+35*7+1, '02_SWEA_통합_코딩테스트_DB'!$J$4:$J$1260, "<>보류*") + COUNTIF('03_보안기사_필기_DB'!$I$4:$M$100, DATE(2026,8,24)+35*7+1) + COUNTIF('04_보안기사_실기_DB'!$G$4:$I$30, DATE(2026,8,24)+35*7+1) + COUNTIF('08_빅분기_필기_DB'!$I$4:$K$34, DATE(2026,8,24)+35*7+1) + COUNTIF('09_빅분기_실기_DB'!$H$4:$I$25, DATE(2026,8,24)+35*7+1) | AM12: =COUNTIFS('02_SWEA_통합_코딩테스트_DB'!$F$4:$F$1260, DATE(2026,8,24)+36*7+1, '02_SWEA_통합_코딩테스트_DB'!$J$4:$J$1260, "<>보류*") + COUNTIFS('02_SWEA_통합_코딩테스트_DB'!$G$4:$G$1260, DATE(2026,8,24)+36*7+1, '02_SWEA_통합_코딩테스트_DB'!$J$4:$J$1260, "<>보류*") + COUNTIFS('02_SWEA_통합_코딩테스트_DB'!$H$4:$H$1260, DATE(2026,8,24)+36*7+1, '02_SWEA_통합_코딩테스트_DB'!$J$4:$J$1260, "<>보류*") + COUNTIFS('02_SWEA_통합_코딩테스트_DB'!$I$4:$I$1260, DATE(2026,8,24)+36*7+1, '02_SWEA_통합_코딩테스트_DB'!$J$4:$J$1260, "<>보류*") + COUNTIF('03_보안기사_필기_DB'!$I$4:$M$100, DATE(2026,8,24)+36*7+1) + COUNTIF('04_보안기사_실기_DB'!$G$4:$I$30, DATE(2026,8,24)+36*7+1) + COUNTIF('08_빅분기_필기_DB'!$I$4:$K$34, DATE(2026,8,24)+36*7+1) + COUNTIF('09_빅분기_실기_DB'!$H$4:$I$25, DATE(2026,8,24)+36*7+1) | AN12: =COUNTIFS('02_SWEA_통합_코딩테스트_DB'!$F$4:$F$1260, DATE(2026,8,24)+37*7+1, '02_SWEA_통합_코딩테스트_DB'!$J$4:$J$1260, "<>보류*") + COUNTIFS('02_SWEA_통합_코딩테스트_DB'!$G$4:$G$1260, DATE(2026,8,24)+37*7+1, '02_SWEA_통합_코딩테스트_DB'!$J$4:$J$1260, "<>보류*") + COUNTIFS('02_SWEA_통합_코딩테스트_DB'!$H$4:$H$1260, DATE(2026,8,24)+37*7+1, '02_SWEA_통합_코딩테스트_DB'!$J$4:$J$1260, "<>보류*") + COUNTIFS('02_SWEA_통합_코딩테스트_DB'!$I$4:$I$1260, DATE(2026,8,24)+37*7+1, '02_SWEA_통합_코딩테스트_DB'!$J$4:$J$1260, "<>보류*") + COUNTIF('03_보안기사_필기_DB'!$I$4:$M$100, DATE(2026,8,24)+37*7+1) + COUNTIF('04_보안기사_실기_DB'!$G$4:$I$30, DATE(2026,8,24)+37*7+1) + COUNTIF('08_빅분기_필기_DB'!$I$4:$K$34, DATE(2026,8,24)+37*7+1) + COUNTIF('09_빅분기_실기_DB'!$H$4:$I$25, DATE(2026,8,24)+37*7+1) | AO12: =COUNTIFS('02_SWEA_통합_코딩테스트_DB'!$F$4:$F$1260, DATE(2026,8,24)+38*7+1, '02_SWEA_통합_코딩테스트_DB'!$J$4:$J$1260, "<>보류*") + COUNTIFS('02_SWEA_통합_코딩테스트_DB'!$G$4:$G$1260, DATE(2026,8,24)+38*7+1, '02_SWEA_통합_코딩테스트_DB'!$J$4:$J$1260, "<>보류*") + COUNTIFS('02_SWEA_통합_코딩테스트_DB'!$H$4:$H$1260, DATE(2026,8,24)+38*7+1, '02_SWEA_통합_코딩테스트_DB'!$J$4:$J$1260, "<>보류*") + COUNTIFS('02_SWEA_통합_코딩테스트_DB'!$I$4:$I$1260, DATE(2026,8,24)+38*7+1, '02_SWEA_통합_코딩테스트_DB'!$J$4:$J$1260, "<>보류*") + COUNTIF('03_보안기사_필기_DB'!$I$4:$M$100, DATE(2026,8,24)+38*7+1) + COUNTIF('04_보안기사_실기_DB'!$G$4:$I$30, DATE(2026,8,24)+38*7+1) + COUNTIF('08_빅분기_필기_DB'!$I$4:$K$34, DATE(2026,8,24)+38*7+1) + COUNTIF('09_빅분기_실기_DB'!$H$4:$I$25, DATE(2026,8,24)+38*7+1) | AP12: =COUNTIFS('02_SWEA_통합_코딩테스트_DB'!$F$4:$F$1260, DATE(2026,8,24)+39*7+1, '02_SWEA_통합_코딩테스트_DB'!$J$4:$J$1260, "<>보류*") + COUNTIFS('02_SWEA_통합_코딩테스트_DB'!$G$4:$G$1260, DATE(2026,8,24)+39*7+1, '02_SWEA_통합_코딩테스트_DB'!$J$4:$J$1260, "<>보류*") + COUNTIFS('02_SWEA_통합_코딩테스트_DB'!$H$4:$H$1260, DATE(2026,8,24)+39*7+1, '02_SWEA_통합_코딩테스트_DB'!$J$4:$J$1260, "<>보류*") + COUNTIFS('02_SWEA_통합_코딩테스트_DB'!$I$4:$I$1260, DATE(2026,8,24)+39*7+1, '02_SWEA_통합_코딩테스트_DB'!$J$4:$J$1260, "<>보류*") + COUNTIF('03_보안기사_필기_DB'!$I$4:$M$100, DATE(2026,8,24)+39*7+1) + COUNTIF('04_보안기사_실기_DB'!$G$4:$I$30, DATE(2026,8,24)+39*7+1) + COUNTIF('08_빅분기_필기_DB'!$I$4:$K$34, DATE(2026,8,24)+39*7+1) + COUNTIF('09_빅분기_실기_DB'!$H$4:$I$25, DATE(2026,8,24)+39*7+1) | AQ12: =COUNTIFS('02_SWEA_통합_코딩테스트_DB'!$F$4:$F$1260, DATE(2026,8,24)+40*7+1, '02_SWEA_통합_코딩테스트_DB'!$J$4:$J$1260, "<>보류*") + COUNTIFS('02_SWEA_통합_코딩테스트_DB'!$G$4:$G$1260, DATE(2026,8,24)+40*7+1, '02_SWEA_통합_코딩테스트_DB'!$J$4:$J$1260, "<>보류*") + COUNTIFS('02_SWEA_통합_코딩테스트_DB'!$H$4:$H$1260, DATE(2026,8,24)+40*7+1, '02_SWEA_통합_코딩테스트_DB'!$J$4:$J$1260, "<>보류*") + COUNTIFS('02_SWEA_통합_코딩테스트_DB'!$I$4:$I$1260, DATE(2026,8,24)+40*7+1, '02_SWEA_통합_코딩테스트_DB'!$J$4:$J$1260, "<>보류*") + COUNTIF('03_보안기사_필기_DB'!$I$4:$M$100, DATE(2026,8,24)+40*7+1) + COUNTIF('04_보안기사_실기_DB'!$G$4:$I$30, DATE(2026,8,24)+40*7+1) + COUNTIF('08_빅분기_필기_DB'!$I$4:$K$34, DATE(2026,8,24)+40*7+1) + COUNTIF('09_빅분기_실기_DB'!$H$4:$I$25, DATE(2026,8,24)+40*7+1) | AR12: =COUNTIFS('02_SWEA_통합_코딩테스트_DB'!$F$4:$F$1260, DATE(2026,8,24)+41*7+1, '02_SWEA_통합_코딩테스트_DB'!$J$4:$J$1260, "<>보류*") + COUNTIFS('02_SWEA_통합_코딩테스트_DB'!$G$4:$G$1260, DATE(2026,8,24)+41*7+1, '02_SWEA_통합_코딩테스트_DB'!$J$4:$J$1260, "<>보류*") + COUNTIFS('02_SWEA_통합_코딩테스트_DB'!$H$4:$H$1260, DATE(2026,8,24)+41*7+1, '02_SWEA_통합_코딩테스트_DB'!$J$4:$J$1260, "<>보류*") + COUNTIFS('02_SWEA_통합_코딩테스트_DB'!$I$4:$I$1260, DATE(2026,8,24)+41*7+1, '02_SWEA_통합_코딩테스트_DB'!$J$4:$J$1260, "<>보류*") + COUNTIF('03_보안기사_필기_DB'!$I$4:$M$100, DATE(2026,8,24)+41*7+1) + COUNTIF('04_보안기사_실기_DB'!$G$4:$I$30, DATE(2026,8,24)+41*7+1) + COUNTIF('08_빅분기_필기_DB'!$I$4:$K$34, DATE(2026,8,24)+41*7+1) + COUNTIF('09_빅분기_실기_DB'!$H$4:$I$25, DATE(2026,8,24)+41*7+1) | AS12: =COUNTIFS('02_SWEA_통합_코딩테스트_DB'!$F$4:$F$1260, DATE(2026,8,24)+42*7+1, '02_SWEA_통합_코딩테스트_DB'!$J$4:$J$1260, "<>보류*") + COUNTIFS('02_SWEA_통합_코딩테스트_DB'!$G$4:$G$1260, DATE(2026,8,24)+42*7+1, '02_SWEA_통합_코딩테스트_DB'!$J$4:$J$1260, "<>보류*") + COUNTIFS('02_SWEA_통합_코딩테스트_DB'!$H$4:$H$1260, DATE(2026,8,24)+42*7+1, '02_SWEA_통합_코딩테스트_DB'!$J$4:$J$1260, "<>보류*") + COUNTIFS('02_SWEA_통합_코딩테스트_DB'!$I$4:$I$1260, DATE(2026,8,24)+42*7+1, '02_SWEA_통합_코딩테스트_DB'!$J$4:$J$1260, "<>보류*") + COUNTIF('03_보안기사_필기_DB'!$I$4:$M$100, DATE(2026,8,24)+42*7+1) + COUNTIF('04_보안기사_실기_DB'!$G$4:$I$30, DATE(2026,8,24)+42*7+1) + COUNTIF('08_빅분기_필기_DB'!$I$4:$K$34, DATE(2026,8,24)+42*7+1) + COUNTIF('09_빅분기_실기_DB'!$H$4:$I$25, DATE(2026,8,24)+42*7+1) | AT12: =COUNTIFS('02_SWEA_통합_코딩테스트_DB'!$F$4:$F$1260, DATE(2026,8,24)+43*7+1, '02_SWEA_통합_코딩테스트_DB'!$J$4:$J$1260, "<>보류*") + COUNTIFS('02_SWEA_통합_코딩테스트_DB'!$G$4:$G$1260, DATE(2026,8,24)+43*7+1, '02_SWEA_통합_코딩테스트_DB'!$J$4:$J$1260, "<>보류*") + COUNTIFS('02_SWEA_통합_코딩테스트_DB'!$H$4:$H$1260, DATE(2026,8,24)+43*7+1, '02_SWEA_통합_코딩테스트_DB'!$J$4:$J$1260, "<>보류*") + COUNTIFS('02_SWEA_통합_코딩테스트_DB'!$I$4:$I$1260, DATE(2026,8,24)+43*7+1, '02_SWEA_통합_코딩테스트_DB'!$J$4:$J$1260, "<>보류*") + COUNTIF('03_보안기사_필기_DB'!$I$4:$M$100, DATE(2026,8,24)+43*7+1) + COUNTIF('04_보안기사_실기_DB'!$G$4:$I$30, DATE(2026,8,24)+43*7+1) + COUNTIF('08_빅분기_필기_DB'!$I$4:$K$34, DATE(2026,8,24)+43*7+1) + COUNTIF('09_빅분기_실기_DB'!$H$4:$I$25, DATE(2026,8,24)+43*7+1) | AU12: =COUNTIFS('02_SWEA_통합_코딩테스트_DB'!$F$4:$F$1260, DATE(2026,8,24)+44*7+1, '02_SWEA_통합_코딩테스트_DB'!$J$4:$J$1260, "<>보류*") + COUNTIFS('02_SWEA_통합_코딩테스트_DB'!$G$4:$G$1260, DATE(2026,8,24)+44*7+1, '02_SWEA_통합_코딩테스트_DB'!$J$4:$J$1260, "<>보류*") + COUNTIFS('02_SWEA_통합_코딩테스트_DB'!$H$4:$H$1260, DATE(2026,8,24)+44*7+1, '02_SWEA_통합_코딩테스트_DB'!$J$4:$J$1260, "<>보류*") + COUNTIFS('02_SWEA_통합_코딩테스트_DB'!$I$4:$I$1260, DATE(2026,8,24)+44*7+1, '02_SWEA_통합_코딩테스트_DB'!$J$4:$J$1260, "<>보류*") + COUNTIF('03_보안기사_필기_DB'!$I$4:$M$100, DATE(2026,8,24)+44*7+1) + COUNTIF('04_보안기사_실기_DB'!$G$4:$I$30, DATE(2026,8,24)+44*7+1) + COUNTIF('08_빅분기_필기_DB'!$I$4:$K$34, DATE(2026,8,24)+44*7+1) + COUNTIF('09_빅분기_실기_DB'!$H$4:$I$25, DATE(2026,8,24)+44*7+1) | AV12: =COUNTIFS('02_SWEA_통합_코딩테스트_DB'!$F$4:$F$1260, DATE(2026,8,24)+45*7+1, '02_SWEA_통합_코딩테스트_DB'!$J$4:$J$1260, "<>보류*") + COUNTIFS('02_SWEA_통합_코딩테스트_DB'!$G$4:$G$1260, DATE(2026,8,24)+45*7+1, '02_SWEA_통합_코딩테스트_DB'!$J$4:$J$1260, "<>보류*") + COUNTIFS('02_SWEA_통합_코딩테스트_DB'!$H$4:$H$1260, DATE(2026,8,24)+45*7+1, '02_SWEA_통합_코딩테스트_DB'!$J$4:$J$1260, "<>보류*") + COUNTIFS('02_SWEA_통합_코딩테스트_DB'!$I$4:$I$1260, DATE(2026,8,24)+45*7+1, '02_SWEA_통합_코딩테스트_DB'!$J$4:$J$1260, "<>보류*") + COUNTIF('03_보안기사_필기_DB'!$I$4:$M$100, DATE(2026,8,24)+45*7+1) + COUNTIF('04_보안기사_실기_DB'!$G$4:$I$30, DATE(2026,8,24)+45*7+1) + COUNTIF('08_빅분기_필기_DB'!$I$4:$K$34, DATE(2026,8,24)+45*7+1) + COUNTIF('09_빅분기_실기_DB'!$H$4:$I$25, DATE(2026,8,24)+45*7+1) | AW12: =COUNTIFS('02_SWEA_통합_코딩테스트_DB'!$F$4:$F$1260, DATE(2026,8,24)+46*7+1, '02_SWEA_통합_코딩테스트_DB'!$J$4:$J$1260, "<>보류*") + COUNTIFS('02_SWEA_통합_코딩테스트_DB'!$G$4:$G$1260, DATE(2026,8,24)+46*7+1, '02_SWEA_통합_코딩테스트_DB'!$J$4:$J$1260, "<>보류*") + COUNTIFS('02_SWEA_통합_코딩테스트_DB'!$H$4:$H$1260, DATE(2026,8,24)+46*7+1, '02_SWEA_통합_코딩테스트_DB'!$J$4:$J$1260, "<>보류*") + COUNTIFS('02_SWEA_통합_코딩테스트_DB'!$I$4:$I$1260, DATE(2026,8,24)+46*7+1, '02_SWEA_통합_코딩테스트_DB'!$J$4:$J$1260, "<>보류*") + COUNTIF('03_보안기사_필기_DB'!$I$4:$M$100, DATE(2026,8,24)+46*7+1) + COUNTIF('04_보안기사_실기_DB'!$G$4:$I$30, DATE(2026,8,24)+46*7+1) + COUNTIF('08_빅분기_필기_DB'!$I$4:$K$34, DATE(2026,8,24)+46*7+1) + COUNTIF('09_빅분기_실기_DB'!$H$4:$I$25, DATE(2026,8,24)+46*7+1) | AX12: =COUNTIFS('02_SWEA_통합_코딩테스트_DB'!$F$4:$F$1260, DATE(2026,8,24)+47*7+1, '02_SWEA_통합_코딩테스트_DB'!$J$4:$J$1260, "<>보류*") + COUNTIFS('02_SWEA_통합_코딩테스트_DB'!$G$4:$G$1260, DATE(2026,8,24)+47*7+1, '02_SWEA_통합_코딩테스트_DB'!$J$4:$J$1260, "<>보류*") + COUNTIFS('02_SWEA_통합_코딩테스트_DB'!$H$4:$H$1260, DATE(2026,8,24)+47*7+1, '02_SWEA_통합_코딩테스트_DB'!$J$4:$J$1260, "<>보류*") + COUNTIFS('02_SWEA_통합_코딩테스트_DB'!$I$4:$I$1260, DATE(2026,8,24)+47*7+1, '02_SWEA_통합_코딩테스트_DB'!$J$4:$J$1260, "<>보류*") + COUNTIF('03_보안기사_필기_DB'!$I$4:$M$100, DATE(2026,8,24)+47*7+1) + COUNTIF('04_보안기사_실기_DB'!$G$4:$I$30, DATE(2026,8,24)+47*7+1) + COUNTIF('08_빅분기_필기_DB'!$I$4:$K$34, DATE(2026,8,24)+47*7+1) + COUNTIF('09_빅분기_실기_DB'!$H$4:$I$25, DATE(2026,8,24)+47*7+1) | AY12: =COUNTIFS('02_SWEA_통합_코딩테스트_DB'!$F$4:$F$1260, DATE(2026,8,24)+48*7+1, '02_SWEA_통합_코딩테스트_DB'!$J$4:$J$1260, "<>보류*") + COUNTIFS('02_SWEA_통합_코딩테스트_DB'!$G$4:$G$1260, DATE(2026,8,24)+48*7+1, '02_SWEA_통합_코딩테스트_DB'!$J$4:$J$1260, "<>보류*") + COUNTIFS('02_SWEA_통합_코딩테스트_DB'!$H$4:$H$1260, DATE(2026,8,24)+48*7+1, '02_SWEA_통합_코딩테스트_DB'!$J$4:$J$1260, "<>보류*") + COUNTIFS('02_SWEA_통합_코딩테스트_DB'!$I$4:$I$1260, DATE(2026,8,24)+48*7+1, '02_SWEA_통합_코딩테스트_DB'!$J$4:$J$1260, "<>보류*") + COUNTIF('03_보안기사_필기_DB'!$I$4:$M$100, DATE(2026,8,24)+48*7+1) + COUNTIF('04_보안기사_실기_DB'!$G$4:$I$30, DATE(2026,8,24)+48*7+1) + COUNTIF('08_빅분기_필기_DB'!$I$4:$K$34, DATE(2026,8,24)+48*7+1) + COUNTIF('09_빅분기_실기_DB'!$H$4:$I$25, DATE(2026,8,24)+48*7+1) | AZ12: =COUNTIFS('02_SWEA_통합_코딩테스트_DB'!$F$4:$F$1260, DATE(2026,8,24)+49*7+1, '02_SWEA_통합_코딩테스트_DB'!$J$4:$J$1260, "<>보류*") + COUNTIFS('02_SWEA_통합_코딩테스트_DB'!$G$4:$G$1260, DATE(2026,8,24)+49*7+1, '02_SWEA_통합_코딩테스트_DB'!$J$4:$J$1260, "<>보류*") + COUNTIFS('02_SWEA_통합_코딩테스트_DB'!$H$4:$H$1260, DATE(2026,8,24)+49*7+1, '02_SWEA_통합_코딩테스트_DB'!$J$4:$J$1260, "<>보류*") + COUNTIFS('02_SWEA_통합_코딩테스트_DB'!$I$4:$I$1260, DATE(2026,8,24)+49*7+1, '02_SWEA_통합_코딩테스트_DB'!$J$4:$J$1260, "<>보류*") + COUNTIF('03_보안기사_필기_DB'!$I$4:$M$100, DATE(2026,8,24)+49*7+1) + COUNTIF('04_보안기사_실기_DB'!$G$4:$I$30, DATE(2026,8,24)+49*7+1) + COUNTIF('08_빅분기_필기_DB'!$I$4:$K$34, DATE(2026,8,24)+49*7+1) + COUNTIF('09_빅분기_실기_DB'!$H$4:$I$25, DATE(2026,8,24)+49*7+1) | BA12: =COUNTIFS('02_SWEA_통합_코딩테스트_DB'!$F$4:$F$1260, DATE(2026,8,24)+50*7+1, '02_SWEA_통합_코딩테스트_DB'!$J$4:$J$1260, "<>보류*") + COUNTIFS('02_SWEA_통합_코딩테스트_DB'!$G$4:$G$1260, DATE(2026,8,24)+50*7+1, '02_SWEA_통합_코딩테스트_DB'!$J$4:$J$1260, "<>보류*") + COUNTIFS('02_SWEA_통합_코딩테스트_DB'!$H$4:$H$1260, DATE(2026,8,24)+50*7+1, '02_SWEA_통합_코딩테스트_DB'!$J$4:$J$1260, "<>보류*") + COUNTIFS('02_SWEA_통합_코딩테스트_DB'!$I$4:$I$1260, DATE(2026,8,24)+50*7+1, '02_SWEA_통합_코딩테스트_DB'!$J$4:$J$1260, "<>보류*") + COUNTIF('03_보안기사_필기_DB'!$I$4:$M$100, DATE(2026,8,24)+50*7+1) + COUNTIF('04_보안기사_실기_DB'!$G$4:$I$30, DATE(2026,8,24)+50*7+1) + COUNTIF('08_빅분기_필기_DB'!$I$4:$K$34, DATE(2026,8,24)+50*7+1) + COUNTIF('09_빅분기_실기_DB'!$H$4:$I$25, DATE(2026,8,24)+50*7+1) | BB12: =COUNTIFS('02_SWEA_통합_코딩테스트_DB'!$F$4:$F$1260, DATE(2026,8,24)+51*7+1, '02_SWEA_통합_코딩테스트_DB'!$J$4:$J$1260, "<>보류*") + COUNTIFS('02_SWEA_통합_코딩테스트_DB'!$G$4:$G$1260, DATE(2026,8,24)+51*7+1, '02_SWEA_통합_코딩테스트_DB'!$J$4:$J$1260, "<>보류*") + COUNTIFS('02_SWEA_통합_코딩테스트_DB'!$H$4:$H$1260, DATE(2026,8,24)+51*7+1, '02_SWEA_통합_코딩테스트_DB'!$J$4:$J$1260, "<>보류*") + COUNTIFS('02_SWEA_통합_코딩테스트_DB'!$I$4:$I$1260, DATE(2026,8,24)+51*7+1, '02_SWEA_통합_코딩테스트_DB'!$J$4:$J$1260, "<>보류*") + COUNTIF('03_보안기사_필기_DB'!$I$4:$M$100, DATE(2026,8,24)+51*7+1) + COUNTIF('04_보안기사_실기_DB'!$G$4:$I$30, DATE(2026,8,24)+51*7+1) + COUNTIF('08_빅분기_필기_DB'!$I$4:$K$34, DATE(2026,8,24)+51*7+1) + COUNTIF('09_빅분기_실기_DB'!$H$4:$I$25, DATE(2026,8,24)+51*7+1) | BC12: =COUNTIFS('02_SWEA_통합_코딩테스트_DB'!$F$4:$F$1260, DATE(2026,8,24)+52*7+1, '02_SWEA_통합_코딩테스트_DB'!$J$4:$J$1260, "<>보류*") + COUNTIFS('02_SWEA_통합_코딩테스트_DB'!$G$4:$G$1260, DATE(2026,8,24)+52*7+1, '02_SWEA_통합_코딩테스트_DB'!$J$4:$J$1260, "<>보류*") + COUNTIFS('02_SWEA_통합_코딩테스트_DB'!$H$4:$H$1260, DATE(2026,8,24)+52*7+1, '02_SWEA_통합_코딩테스트_DB'!$J$4:$J$1260, "<>보류*") + COUNTIFS('02_SWEA_통합_코딩테스트_DB'!$I$4:$I$1260, DATE(2026,8,24)+52*7+1, '02_SWEA_통합_코딩테스트_DB'!$J$4:$J$1260, "<>보류*") + COUNTIF('03_보안기사_필기_DB'!$I$4:$M$100, DATE(2026,8,24)+52*7+1) + COUNTIF('04_보안기사_실기_DB'!$G$4:$I$30, DATE(2026,8,24)+52*7+1)
A13: 수 (Wed) | C13: =COUNTIFS('02_SWEA_통합_코딩테스트_DB'!$F$4:$F$1260, DATE(2026,8,24)+0*7+2, '02_SWEA_통합_코딩테스트_DB'!$J$4:$J$1260, "<>보류*") + COUNTIFS('02_SWEA_통합_코딩테스트_DB'!$G$4:$G$1260, DATE(2026,8,24)+0*7+2, '02_SWEA_통합_코딩테스트_DB'!$J$4:$J$1260, "<>보류*") + COUNTIFS('02_SWEA_통합_코딩테스트_DB'!$H$4:$H$1260, DATE(2026,8,24)+0*7+2, '02_SWEA_통합_코딩테스트_DB'!$J$4:$J$1260, "<>보류*") + COUNTIFS('02_SWEA_통합_코딩테스트_DB'!$I$4:$I$1260, DATE(2026,8,24)+0*7+2, '02_SWEA_통합_코딩테스트_DB'!$J$4:$J$1260, "<>보류*") + COUNTIF('03_보안기사_필기_DB'!$I$4:$M$100, DATE(2026,8,24)+0*7+2) + COUNTIF('04_보안기사_실기_DB'!$G$4:$I$30, DATE(2026,8,24)+0*7+2) + COUNTIF('08_빅분기_필기_DB'!$I$4:$K$34, DATE(2026,8,24)+0*7+2) + COUNTIF('09_빅분기_실기_DB'!$H$4:$I$25, DATE(2026,8,24)+0*7+2) | D13: =COUNTIFS('02_SWEA_통합_코딩테스트_DB'!$F$4:$F$1260, DATE(2026,8,24)+1*7+2, '02_SWEA_통합_코딩테스트_DB'!$J$4:$J$1260, "<>보류*") + COUNTIFS('02_SWEA_통합_코딩테스트_DB'!$G$4:$G$1260, DATE(2026,8,24)+1*7+2, '02_SWEA_통합_코딩테스트_DB'!$J$4:$J$1260, "<>보류*") + COUNTIFS('02_SWEA_통합_코딩테스트_DB'!$H$4:$H$1260, DATE(2026,8,24)+1*7+2, '02_SWEA_통합_코딩테스트_DB'!$J$4:$J$1260, "<>보류*") + COUNTIFS('02_SWEA_통합_코딩테스트_DB'!$I$4:$I$1260, DATE(2026,8,24)+1*7+2, '02_SWEA_통합_코딩테스트_DB'!$J$4:$J$1260, "<>보류*") + COUNTIF('03_보안기사_필기_DB'!$I$4:$M$100, DATE(2026,8,24)+1*7+2) + COUNTIF('04_보안기사_실기_DB'!$G$4:$I$30, DATE(2026,8,24)+1*7+2) + COUNTIF('08_빅분기_필기_DB'!$I$4:$K$34, DATE(2026,8,24)+1*7+2) + COUNTIF('09_빅분기_실기_DB'!$H$4:$I$25, DATE(2026,8,24)+1*7+2) | E13: =COUNTIFS('02_SWEA_통합_코딩테스트_DB'!$F$4:$F$1260, DATE(2026,8,24)+2*7+2, '02_SWEA_통합_코딩테스트_DB'!$J$4:$J$1260, "<>보류*") + COUNTIFS('02_SWEA_통합_코딩테스트_DB'!$G$4:$G$1260, DATE(2026,8,24)+2*7+2, '02_SWEA_통합_코딩테스트_DB'!$J$4:$J$1260, "<>보류*") + COUNTIFS('02_SWEA_통합_코딩테스트_DB'!$H$4:$H$1260, DATE(2026,8,24)+2*7+2, '02_SWEA_통합_코딩테스트_DB'!$J$4:$J$1260, "<>보류*") + COUNTIFS('02_SWEA_통합_코딩테스트_DB'!$I$4:$I$1260, DATE(2026,8,24)+2*7+2, '02_SWEA_통합_코딩테스트_DB'!$J$4:$J$1260, "<>보류*") + COUNTIF('03_보안기사_필기_DB'!$I$4:$M$100, DATE(2026,8,24)+2*7+2) + COUNTIF('04_보안기사_실기_DB'!$G$4:$I$30, DATE(2026,8,24)+2*7+2) + COUNTIF('08_빅분기_필기_DB'!$I$4:$K$34, DATE(2026,8,24)+2*7+2) + COUNTIF('09_빅분기_실기_DB'!$H$4:$I$25, DATE(2026,8,24)+2*7+2) | F13: =COUNTIFS('02_SWEA_통합_코딩테스트_DB'!$F$4:$F$1260, DATE(2026,8,24)+3*7+2, '02_SWEA_통합_코딩테스트_DB'!$J$4:$J$1260, "<>보류*") + COUNTIFS('02_SWEA_통합_코딩테스트_DB'!$G$4:$G$1260, DATE(2026,8,24)+3*7+2, '02_SWEA_통합_코딩테스트_DB'!$J$4:$J$1260, "<>보류*") + COUNTIFS('02_SWEA_통합_코딩테스트_DB'!$H$4:$H$1260, DATE(2026,8,24)+3*7+2, '02_SWEA_통합_코딩테스트_DB'!$J$4:$J$1260, "<>보류*") + COUNTIFS('02_SWEA_통합_코딩테스트_DB'!$I$4:$I$1260, DATE(2026,8,24)+3*7+2, '02_SWEA_통합_코딩테스트_DB'!$J$4:$J$1260, "<>보류*") + COUNTIF('03_보안기사_필기_DB'!$I$4:$M$100, DATE(2026,8,24)+3*7+2) + COUNTIF('04_보안기사_실기_DB'!$G$4:$I$30, DATE(2026,8,24)+3*7+2) + COUNTIF('08_빅분기_필기_DB'!$I$4:$K$34, DATE(2026,8,24)+3*7+2) + COUNTIF('09_빅분기_실기_DB'!$H$4:$I$25, DATE(2026,8,24)+3*7+2) | G13: =COUNTIFS('02_SWEA_통합_코딩테스트_DB'!$F$4:$F$1260, DATE(2026,8,24)+4*7+2, '02_SWEA_통합_코딩테스트_DB'!$J$4:$J$1260, "<>보류*") + COUNTIFS('02_SWEA_통합_코딩테스트_DB'!$G$4:$G$1260, DATE(2026,8,24)+4*7+2, '02_SWEA_통합_코딩테스트_DB'!$J$4:$J$1260, "<>보류*") + COUNTIFS('02_SWEA_통합_코딩테스트_DB'!$H$4:$H$1260, DATE(2026,8,24)+4*7+2, '02_SWEA_통합_코딩테스트_DB'!$J$4:$J$1260, "<>보류*") + COUNTIFS('02_SWEA_통합_코딩테스트_DB'!$I$4:$I$1260, DATE(2026,8,24)+4*7+2, '02_SWEA_통합_코딩테스트_DB'!$J$4:$J$1260, "<>보류*") + COUNTIF('03_보안기사_필기_DB'!$I$4:$M$100, DATE(2026,8,24)+4*7+2) + COUNTIF('04_보안기사_실기_DB'!$G$4:$I$30, DATE(2026,8,24)+4*7+2) + COUNTIF('08_빅분기_필기_DB'!$I$4:$K$34, DATE(2026,8,24)+4*7+2) + COUNTIF('09_빅분기_실기_DB'!$H$4:$I$25, DATE(2026,8,24)+4*7+2) | H13: =COUNTIFS('02_SWEA_통합_코딩테스트_DB'!$F$4:$F$1260, DATE(2026,8,24)+5*7+2, '02_SWEA_통합_코딩테스트_DB'!$J$4:$J$1260, "<>보류*") + COUNTIFS('02_SWEA_통합_코딩테스트_DB'!$G$4:$G$1260, DATE(2026,8,24)+5*7+2, '02_SWEA_통합_코딩테스트_DB'!$J$4:$J$1260, "<>보류*") + COUNTIFS('02_SWEA_통합_코딩테스트_DB'!$H$4:$H$1260, DATE(2026,8,24)+5*7+2, '02_SWEA_통합_코딩테스트_DB'!$J$4:$J$1260, "<>보류*") + COUNTIFS('02_SWEA_통합_코딩테스트_DB'!$I$4:$I$1260, DATE(2026,8,24)+5*7+2, '02_SWEA_통합_코딩테스트_DB'!$J$4:$J$1260, "<>보류*") + COUNTIF('03_보안기사_필기_DB'!$I$4:$M$100, DATE(2026,8,24)+5*7+2) + COUNTIF('04_보안기사_실기_DB'!$G$4:$I$30, DATE(2026,8,24)+5*7+2) + COUNTIF('08_빅분기_필기_DB'!$I$4:$K$34, DATE(2026,8,24)+5*7+2) + COUNTIF('09_빅분기_실기_DB'!$H$4:$I$25, DATE(2026,8,24)+5*7+2) | I13: =COUNTIFS('02_SWEA_통합_코딩테스트_DB'!$F$4:$F$1260, DATE(2026,8,24)+6*7+2, '02_SWEA_통합_코딩테스트_DB'!$J$4:$J$1260, "<>보류*") + COUNTIFS('02_SWEA_통합_코딩테스트_DB'!$G$4:$G$1260, DATE(2026,8,24)+6*7+2, '02_SWEA_통합_코딩테스트_DB'!$J$4:$J$1260, "<>보류*") + COUNTIFS('02_SWEA_통합_코딩테스트_DB'!$H$4:$H$1260, DATE(2026,8,24)+6*7+2, '02_SWEA_통합_코딩테스트_DB'!$J$4:$J$1260, "<>보류*") + COUNTIFS('02_SWEA_통합_코딩테스트_DB'!$I$4:$I$1260, DATE(2026,8,24)+6*7+2, '02_SWEA_통합_코딩테스트_DB'!$J$4:$J$1260, "<>보류*") + COUNTIF('03_보안기사_필기_DB'!$I$4:$M$100, DATE(2026,8,24)+6*7+2) + COUNTIF('04_보안기사_실기_DB'!$G$4:$I$30, DATE(2026,8,24)+6*7+2) + COUNTIF('08_빅분기_필기_DB'!$I$4:$K$34, DATE(2026,8,24)+6*7+2) + COUNTIF('09_빅분기_실기_DB'!$H$4:$I$25, DATE(2026,8,24)+6*7+2) | J13: =COUNTIFS('02_SWEA_통합_코딩테스트_DB'!$F$4:$F$1260, DATE(2026,8,24)+7*7+2, '02_SWEA_통합_코딩테스트_DB'!$J$4:$J$1260, "<>보류*") + COUNTIFS('02_SWEA_통합_코딩테스트_DB'!$G$4:$G$1260, DATE(2026,8,24)+7*7+2, '02_SWEA_통합_코딩테스트_DB'!$J$4:$J$1260, "<>보류*") + COUNTIFS('02_SWEA_통합_코딩테스트_DB'!$H$4:$H$1260, DATE(2026,8,24)+7*7+2, '02_SWEA_통합_코딩테스트_DB'!$J$4:$J$1260, "<>보류*") + COUNTIFS('02_SWEA_통합_코딩테스트_DB'!$I$4:$I$1260, DATE(2026,8,24)+7*7+2, '02_SWEA_통합_코딩테스트_DB'!$J$4:$J$1260, "<>보류*") + COUNTIF('03_보안기사_필기_DB'!$I$4:$M$100, DATE(2026,8,24)+7*7+2) + COUNTIF('04_보안기사_실기_DB'!$G$4:$I$30, DATE(2026,8,24)+7*7+2) + COUNTIF('08_빅분기_필기_DB'!$I$4:$K$34, DATE(2026,8,24)+7*7+2) + COUNTIF('09_빅분기_실기_DB'!$H$4:$I$25, DATE(2026,8,24)+7*7+2) | K13: =COUNTIFS('02_SWEA_통합_코딩테스트_DB'!$F$4:$F$1260, DATE(2026,8,24)+8*7+2, '02_SWEA_통합_코딩테스트_DB'!$J$4:$J$1260, "<>보류*") + COUNTIFS('02_SWEA_통합_코딩테스트_DB'!$G$4:$G$1260, DATE(2026,8,24)+8*7+2, '02_SWEA_통합_코딩테스트_DB'!$J$4:$J$1260, "<>보류*") + COUNTIFS('02_SWEA_통합_코딩테스트_DB'!$H$4:$H$1260, DATE(2026,8,24)+8*7+2, '02_SWEA_통합_코딩테스트_DB'!$J$4:$J$1260, "<>보류*") + COUNTIFS('02_SWEA_통합_코딩테스트_DB'!$I$4:$I$1260, DATE(2026,8,24)+8*7+2, '02_SWEA_통합_코딩테스트_DB'!$J$4:$J$1260, "<>보류*") + COUNTIF('03_보안기사_필기_DB'!$I$4:$M$100, DATE(2026,8,24)+8*7+2) + COUNTIF('04_보안기사_실기_DB'!$G$4:$I$30, DATE(2026,8,24)+8*7+2) + COUNTIF('08_빅분기_필기_DB'!$I$4:$K$34, DATE(2026,8,24)+8*7+2) + COUNTIF('09_빅분기_실기_DB'!$H$4:$I$25, DATE(2026,8,24)+8*7+2) | L13: =COUNTIFS('02_SWEA_통합_코딩테스트_DB'!$F$4:$F$1260, DATE(2026,8,24)+9*7+2, '02_SWEA_통합_코딩테스트_DB'!$J$4:$J$1260, "<>보류*") + COUNTIFS('02_SWEA_통합_코딩테스트_DB'!$G$4:$G$1260, DATE(2026,8,24)+9*7+2, '02_SWEA_통합_코딩테스트_DB'!$J$4:$J$1260, "<>보류*") + COUNTIFS('02_SWEA_통합_코딩테스트_DB'!$H$4:$H$1260, DATE(2026,8,24)+9*7+2, '02_SWEA_통합_코딩테스트_DB'!$J$4:$J$1260, "<>보류*") + COUNTIFS('02_SWEA_통합_코딩테스트_DB'!$I$4:$I$1260, DATE(2026,8,24)+9*7+2, '02_SWEA_통합_코딩테스트_DB'!$J$4:$J$1260, "<>보류*") + COUNTIF('03_보안기사_필기_DB'!$I$4:$M$100, DATE(2026,8,24)+9*7+2) + COUNTIF('04_보안기사_실기_DB'!$G$4:$I$30, DATE(2026,8,24)+9*7+2) + COUNTIF('08_빅분기_필기_DB'!$I$4:$K$34, DATE(2026,8,24)+9*7+2) + COUNTIF('09_빅분기_실기_DB'!$H$4:$I$25, DATE(2026,8,24)+9*7+2) | M13: =COUNTIFS('02_SWEA_통합_코딩테스트_DB'!$F$4:$F$1260, DATE(2026,8,24)+10*7+2, '02_SWEA_통합_코딩테스트_DB'!$J$4:$J$1260, "<>보류*") + COUNTIFS('02_SWEA_통합_코딩테스트_DB'!$G$4:$G$1260, DATE(2026,8,24)+10*7+2, '02_SWEA_통합_코딩테스트_DB'!$J$4:$J$1260, "<>보류*") + COUNTIFS('02_SWEA_통합_코딩테스트_DB'!$H$4:$H$1260, DATE(2026,8,24)+10*7+2, '02_SWEA_통합_코딩테스트_DB'!$J$4:$J$1260, "<>보류*") + COUNTIFS('02_SWEA_통합_코딩테스트_DB'!$I$4:$I$1260, DATE(2026,8,24)+10*7+2, '02_SWEA_통합_코딩테스트_DB'!$J$4:$J$1260, "<>보류*") + COUNTIF('03_보안기사_필기_DB'!$I$4:$M$100, DATE(2026,8,24)+10*7+2) + COUNTIF('04_보안기사_실기_DB'!$G$4:$I$30, DATE(2026,8,24)+10*7+2) + COUNTIF('08_빅분기_필기_DB'!$I$4:$K$34, DATE(2026,8,24)+10*7+2) + COUNTIF('09_빅분기_실기_DB'!$H$4:$I$25, DATE(2026,8,24)+10*7+2) | N13: =COUNTIFS('02_SWEA_통합_코딩테스트_DB'!$F$4:$F$1260, DATE(2026,8,24)+11*7+2, '02_SWEA_통합_코딩테스트_DB'!$J$4:$J$1260, "<>보류*") + COUNTIFS('02_SWEA_통합_코딩테스트_DB'!$G$4:$G$1260, DATE(2026,8,24)+11*7+2, '02_SWEA_통합_코딩테스트_DB'!$J$4:$J$1260, "<>보류*") + COUNTIFS('02_SWEA_통합_코딩테스트_DB'!$H$4:$H$1260, DATE(2026,8,24)+11*7+2, '02_SWEA_통합_코딩테스트_DB'!$J$4:$J$1260, "<>보류*") + COUNTIFS('02_SWEA_통합_코딩테스트_DB'!$I$4:$I$1260, DATE(2026,8,24)+11*7+2, '02_SWEA_통합_코딩테스트_DB'!$J$4:$J$1260, "<>보류*") + COUNTIF('03_보안기사_필기_DB'!$I$4:$M$100, DATE(2026,8,24)+11*7+2) + COUNTIF('04_보안기사_실기_DB'!$G$4:$I$30, DATE(2026,8,24)+11*7+2) + COUNTIF('08_빅분기_필기_DB'!$I$4:$K$34, DATE(2026,8,24)+11*7+2) + COUNTIF('09_빅분기_실기_DB'!$H$4:$I$25, DATE(2026,8,24)+11*7+2) | O13: =COUNTIFS('02_SWEA_통합_코딩테스트_DB'!$F$4:$F$1260, DATE(2026,8,24)+12*7+2, '02_SWEA_통합_코딩테스트_DB'!$J$4:$J$1260, "<>보류*") + COUNTIFS('02_SWEA_통합_코딩테스트_DB'!$G$4:$G$1260, DATE(2026,8,24)+12*7+2, '02_SWEA_통합_코딩테스트_DB'!$J$4:$J$1260, "<>보류*") + COUNTIFS('02_SWEA_통합_코딩테스트_DB'!$H$4:$H$1260, DATE(2026,8,24)+12*7+2, '02_SWEA_통합_코딩테스트_DB'!$J$4:$J$1260, "<>보류*") + COUNTIFS('02_SWEA_통합_코딩테스트_DB'!$I$4:$I$1260, DATE(2026,8,24)+12*7+2, '02_SWEA_통합_코딩테스트_DB'!$J$4:$J$1260, "<>보류*") + COUNTIF('03_보안기사_필기_DB'!$I$4:$M$100, DATE(2026,8,24)+12*7+2) + COUNTIF('04_보안기사_실기_DB'!$G$4:$I$30, DATE(2026,8,24)+12*7+2) + COUNTIF('08_빅분기_필기_DB'!$I$4:$K$34, DATE(2026,8,24)+12*7+2) + COUNTIF('09_빅분기_실기_DB'!$H$4:$I$25, DATE(2026,8,24)+12*7+2) | P13: =COUNTIFS('02_SWEA_통합_코딩테스트_DB'!$F$4:$F$1260, DATE(2026,8,24)+13*7+2, '02_SWEA_통합_코딩테스트_DB'!$J$4:$J$1260, "<>보류*") + COUNTIFS('02_SWEA_통합_코딩테스트_DB'!$G$4:$G$1260, DATE(2026,8,24)+13*7+2, '02_SWEA_통합_코딩테스트_DB'!$J$4:$J$1260, "<>보류*") + COUNTIFS('02_SWEA_통합_코딩테스트_DB'!$H$4:$H$1260, DATE(2026,8,24)+13*7+2, '02_SWEA_통합_코딩테스트_DB'!$J$4:$J$1260, "<>보류*") + COUNTIFS('02_SWEA_통합_코딩테스트_DB'!$I$4:$I$1260, DATE(2026,8,24)+13*7+2, '02_SWEA_통합_코딩테스트_DB'!$J$4:$J$1260, "<>보류*") + COUNTIF('03_보안기사_필기_DB'!$I$4:$M$100, DATE(2026,8,24)+13*7+2) + COUNTIF('04_보안기사_실기_DB'!$G$4:$I$30, DATE(2026,8,24)+13*7+2) + COUNTIF('08_빅분기_필기_DB'!$I$4:$K$34, DATE(2026,8,24)+13*7+2) + COUNTIF('09_빅분기_실기_DB'!$H$4:$I$25, DATE(2026,8,24)+13*7+2) | Q13: =COUNTIFS('02_SWEA_통합_코딩테스트_DB'!$F$4:$F$1260, DATE(2026,8,24)+14*7+2, '02_SWEA_통합_코딩테스트_DB'!$J$4:$J$1260, "<>보류*") + COUNTIFS('02_SWEA_통합_코딩테스트_DB'!$G$4:$G$1260, DATE(2026,8,24)+14*7+2, '02_SWEA_통합_코딩테스트_DB'!$J$4:$J$1260, "<>보류*") + COUNTIFS('02_SWEA_통합_코딩테스트_DB'!$H$4:$H$1260, DATE(2026,8,24)+14*7+2, '02_SWEA_통합_코딩테스트_DB'!$J$4:$J$1260, "<>보류*") + COUNTIFS('02_SWEA_통합_코딩테스트_DB'!$I$4:$I$1260, DATE(2026,8,24)+14*7+2, '02_SWEA_통합_코딩테스트_DB'!$J$4:$J$1260, "<>보류*") + COUNTIF('03_보안기사_필기_DB'!$I$4:$M$100, DATE(2026,8,24)+14*7+2) + COUNTIF('04_보안기사_실기_DB'!$G$4:$I$30, DATE(2026,8,24)+14*7+2) + COUNTIF('08_빅분기_필기_DB'!$I$4:$K$34, DATE(2026,8,24)+14*7+2) + COUNTIF('09_빅분기_실기_DB'!$H$4:$I$25, DATE(2026,8,24)+14*7+2) | R13: =COUNTIFS('02_SWEA_통합_코딩테스트_DB'!$F$4:$F$1260, DATE(2026,8,24)+15*7+2, '02_SWEA_통합_코딩테스트_DB'!$J$4:$J$1260, "<>보류*") + COUNTIFS('02_SWEA_통합_코딩테스트_DB'!$G$4:$G$1260, DATE(2026,8,24)+15*7+2, '02_SWEA_통합_코딩테스트_DB'!$J$4:$J$1260, "<>보류*") + COUNTIFS('02_SWEA_통합_코딩테스트_DB'!$H$4:$H$1260, DATE(2026,8,24)+15*7+2, '02_SWEA_통합_코딩테스트_DB'!$J$4:$J$1260, "<>보류*") + COUNTIFS('02_SWEA_통합_코딩테스트_DB'!$I$4:$I$1260, DATE(2026,8,24)+15*7+2, '02_SWEA_통합_코딩테스트_DB'!$J$4:$J$1260, "<>보류*") + COUNTIF('03_보안기사_필기_DB'!$I$4:$M$100, DATE(2026,8,24)+15*7+2) + COUNTIF('04_보안기사_실기_DB'!$G$4:$I$30, DATE(2026,8,24)+15*7+2) + COUNTIF('08_빅분기_필기_DB'!$I$4:$K$34, DATE(2026,8,24)+15*7+2) + COUNTIF('09_빅분기_실기_DB'!$H$4:$I$25, DATE(2026,8,24)+15*7+2) | S13: =COUNTIFS('02_SWEA_통합_코딩테스트_DB'!$F$4:$F$1260, DATE(2026,8,24)+16*7+2, '02_SWEA_통합_코딩테스트_DB'!$J$4:$J$1260, "<>보류*") + COUNTIFS('02_SWEA_통합_코딩테스트_DB'!$G$4:$G$1260, DATE(2026,8,24)+16*7+2, '02_SWEA_통합_코딩테스트_DB'!$J$4:$J$1260, "<>보류*") + COUNTIFS('02_SWEA_통합_코딩테스트_DB'!$H$4:$H$1260, DATE(2026,8,24)+16*7+2, '02_SWEA_통합_코딩테스트_DB'!$J$4:$J$1260, "<>보류*") + COUNTIFS('02_SWEA_통합_코딩테스트_DB'!$I$4:$I$1260, DATE(2026,8,24)+16*7+2, '02_SWEA_통합_코딩테스트_DB'!$J$4:$J$1260, "<>보류*") + COUNTIF('03_보안기사_필기_DB'!$I$4:$M$100, DATE(2026,8,24)+16*7+2) + COUNTIF('04_보안기사_실기_DB'!$G$4:$I$30, DATE(2026,8,24)+16*7+2) + COUNTIF('08_빅분기_필기_DB'!$I$4:$K$34, DATE(2026,8,24)+16*7+2) + COUNTIF('09_빅분기_실기_DB'!$H$4:$I$25, DATE(2026,8,24)+16*7+2) | T13: =COUNTIFS('02_SWEA_통합_코딩테스트_DB'!$F$4:$F$1260, DATE(2026,8,24)+17*7+2, '02_SWEA_통합_코딩테스트_DB'!$J$4:$J$1260, "<>보류*") + COUNTIFS('02_SWEA_통합_코딩테스트_DB'!$G$4:$G$1260, DATE(2026,8,24)+17*7+2, '02_SWEA_통합_코딩테스트_DB'!$J$4:$J$1260, "<>보류*") + COUNTIFS('02_SWEA_통합_코딩테스트_DB'!$H$4:$H$1260, DATE(2026,8,24)+17*7+2, '02_SWEA_통합_코딩테스트_DB'!$J$4:$J$1260, "<>보류*") + COUNTIFS('02_SWEA_통합_코딩테스트_DB'!$I$4:$I$1260, DATE(2026,8,24)+17*7+2, '02_SWEA_통합_코딩테스트_DB'!$J$4:$J$1260, "<>보류*") + COUNTIF('03_보안기사_필기_DB'!$I$4:$M$100, DATE(2026,8,24)+17*7+2) + COUNTIF('04_보안기사_실기_DB'!$G$4:$I$30, DATE(2026,8,24)+17*7+2) + COUNTIF('08_빅분기_필기_DB'!$I$4:$K$34, DATE(2026,8,24)+17*7+2) + COUNTIF('09_빅분기_실기_DB'!$H$4:$I$25, DATE(2026,8,24)+17*7+2) | U13: =COUNTIFS('02_SWEA_통합_코딩테스트_DB'!$F$4:$F$1260, DATE(2026,8,24)+18*7+2, '02_SWEA_통합_코딩테스트_DB'!$J$4:$J$1260, "<>보류*") + COUNTIFS('02_SWEA_통합_코딩테스트_DB'!$G$4:$G$1260, DATE(2026,8,24)+18*7+2, '02_SWEA_통합_코딩테스트_DB'!$J$4:$J$1260, "<>보류*") + COUNTIFS('02_SWEA_통합_코딩테스트_DB'!$H$4:$H$1260, DATE(2026,8,24)+18*7+2, '02_SWEA_통합_코딩테스트_DB'!$J$4:$J$1260, "<>보류*") + COUNTIFS('02_SWEA_통합_코딩테스트_DB'!$I$4:$I$1260, DATE(2026,8,24)+18*7+2, '02_SWEA_통합_코딩테스트_DB'!$J$4:$J$1260, "<>보류*") + COUNTIF('03_보안기사_필기_DB'!$I$4:$M$100, DATE(2026,8,24)+18*7+2) + COUNTIF('04_보안기사_실기_DB'!$G$4:$I$30, DATE(2026,8,24)+18*7+2) + COUNTIF('08_빅분기_필기_DB'!$I$4:$K$34, DATE(2026,8,24)+18*7+2) + COUNTIF('09_빅분기_실기_DB'!$H$4:$I$25, DATE(2026,8,24)+18*7+2) | V13: =COUNTIFS('02_SWEA_통합_코딩테스트_DB'!$F$4:$F$1260, DATE(2026,8,24)+19*7+2, '02_SWEA_통합_코딩테스트_DB'!$J$4:$J$1260, "<>보류*") + COUNTIFS('02_SWEA_통합_코딩테스트_DB'!$G$4:$G$1260, DATE(2026,8,24)+19*7+2, '02_SWEA_통합_코딩테스트_DB'!$J$4:$J$1260, "<>보류*") + COUNTIFS('02_SWEA_통합_코딩테스트_DB'!$H$4:$H$1260, DATE(2026,8,24)+19*7+2, '02_SWEA_통합_코딩테스트_DB'!$J$4:$J$1260, "<>보류*") + COUNTIFS('02_SWEA_통합_코딩테스트_DB'!$I$4:$I$1260, DATE(2026,8,24)+19*7+2, '02_SWEA_통합_코딩테스트_DB'!$J$4:$J$1260, "<>보류*") + COUNTIF('03_보안기사_필기_DB'!$I$4:$M$100, DATE(2026,8,24)+19*7+2) + COUNTIF('04_보안기사_실기_DB'!$G$4:$I$30, DATE(2026,8,24)+19*7+2) + COUNTIF('08_빅분기_필기_DB'!$I$4:$K$34, DATE(2026,8,24)+19*7+2) + COUNTIF('09_빅분기_실기_DB'!$H$4:$I$25, DATE(2026,8,24)+19*7+2) | W13: =COUNTIFS('02_SWEA_통합_코딩테스트_DB'!$F$4:$F$1260, DATE(2026,8,24)+20*7+2, '02_SWEA_통합_코딩테스트_DB'!$J$4:$J$1260, "<>보류*") + COUNTIFS('02_SWEA_통합_코딩테스트_DB'!$G$4:$G$1260, DATE(2026,8,24)+20*7+2, '02_SWEA_통합_코딩테스트_DB'!$J$4:$J$1260, "<>보류*") + COUNTIFS('02_SWEA_통합_코딩테스트_DB'!$H$4:$H$1260, DATE(2026,8,24)+20*7+2, '02_SWEA_통합_코딩테스트_DB'!$J$4:$J$1260, "<>보류*") + COUNTIFS('02_SWEA_통합_코딩테스트_DB'!$I$4:$I$1260, DATE(2026,8,24)+20*7+2, '02_SWEA_통합_코딩테스트_DB'!$J$4:$J$1260, "<>보류*") + COUNTIF('03_보안기사_필기_DB'!$I$4:$M$100, DATE(2026,8,24)+20*7+2) + COUNTIF('04_보안기사_실기_DB'!$G$4:$I$30, DATE(2026,8,24)+20*7+2) + COUNTIF('08_빅분기_필기_DB'!$I$4:$K$34, DATE(2026,8,24)+20*7+2) + COUNTIF('09_빅분기_실기_DB'!$H$4:$I$25, DATE(2026,8,24)+20*7+2) | X13: =COUNTIFS('02_SWEA_통합_코딩테스트_DB'!$F$4:$F$1260, DATE(2026,8,24)+21*7+2, '02_SWEA_통합_코딩테스트_DB'!$J$4:$J$1260, "<>보류*") + COUNTIFS('02_SWEA_통합_코딩테스트_DB'!$G$4:$G$1260, DATE(2026,8,24)+21*7+2, '02_SWEA_통합_코딩테스트_DB'!$J$4:$J$1260, "<>보류*") + COUNTIFS('02_SWEA_통합_코딩테스트_DB'!$H$4:$H$1260, DATE(2026,8,24)+21*7+2, '02_SWEA_통합_코딩테스트_DB'!$J$4:$J$1260, "<>보류*") + COUNTIFS('02_SWEA_통합_코딩테스트_DB'!$I$4:$I$1260, DATE(2026,8,24)+21*7+2, '02_SWEA_통합_코딩테스트_DB'!$J$4:$J$1260, "<>보류*") + COUNTIF('03_보안기사_필기_DB'!$I$4:$M$100, DATE(2026,8,24)+21*7+2) + COUNTIF('04_보안기사_실기_DB'!$G$4:$I$30, DATE(2026,8,24)+21*7+2) + COUNTIF('08_빅분기_필기_DB'!$I$4:$K$34, DATE(2026,8,24)+21*7+2) + COUNTIF('09_빅분기_실기_DB'!$H$4:$I$25, DATE(2026,8,24)+21*7+2) | Y13: =COUNTIFS('02_SWEA_통합_코딩테스트_DB'!$F$4:$F$1260, DATE(2026,8,24)+22*7+2, '02_SWEA_통합_코딩테스트_DB'!$J$4:$J$1260, "<>보류*") + COUNTIFS('02_SWEA_통합_코딩테스트_DB'!$G$4:$G$1260, DATE(2026,8,24)+22*7+2, '02_SWEA_통합_코딩테스트_DB'!$J$4:$J$1260, "<>보류*") + COUNTIFS('02_SWEA_통합_코딩테스트_DB'!$H$4:$H$1260, DATE(2026,8,24)+22*7+2, '02_SWEA_통합_코딩테스트_DB'!$J$4:$J$1260, "<>보류*") + COUNTIFS('02_SWEA_통합_코딩테스트_DB'!$I$4:$I$1260, DATE(2026,8,24)+22*7+2, '02_SWEA_통합_코딩테스트_DB'!$J$4:$J$1260, "<>보류*") + COUNTIF('03_보안기사_필기_DB'!$I$4:$M$100, DATE(2026,8,24)+22*7+2) + COUNTIF('04_보안기사_실기_DB'!$G$4:$I$30, DATE(2026,8,24)+22*7+2) + COUNTIF('08_빅분기_필기_DB'!$I$4:$K$34, DATE(2026,8,24)+22*7+2) + COUNTIF('09_빅분기_실기_DB'!$H$4:$I$25, DATE(2026,8,24)+22*7+2) | Z13: =COUNTIFS('02_SWEA_통합_코딩테스트_DB'!$F$4:$F$1260, DATE(2026,8,24)+23*7+2, '02_SWEA_통합_코딩테스트_DB'!$J$4:$J$1260, "<>보류*") + COUNTIFS('02_SWEA_통합_코딩테스트_DB'!$G$4:$G$1260, DATE(2026,8,24)+23*7+2, '02_SWEA_통합_코딩테스트_DB'!$J$4:$J$1260, "<>보류*") + COUNTIFS('02_SWEA_통합_코딩테스트_DB'!$H$4:$H$1260, DATE(2026,8,24)+23*7+2, '02_SWEA_통합_코딩테스트_DB'!$J$4:$J$1260, "<>보류*") + COUNTIFS('02_SWEA_통합_코딩테스트_DB'!$I$4:$I$1260, DATE(2026,8,24)+23*7+2, '02_SWEA_통합_코딩테스트_DB'!$J$4:$J$1260, "<>보류*") + COUNTIF('03_보안기사_필기_DB'!$I$4:$M$100, DATE(2026,8,24)+23*7+2) + COUNTIF('04_보안기사_실기_DB'!$G$4:$I$30, DATE(2026,8,24)+23*7+2) + COUNTIF('08_빅분기_필기_DB'!$I$4:$K$34, DATE(2026,8,24)+23*7+2) + COUNTIF('09_빅분기_실기_DB'!$H$4:$I$25, DATE(2026,8,24)+23*7+2) | AA13: =COUNTIFS('02_SWEA_통합_코딩테스트_DB'!$F$4:$F$1260, DATE(2026,8,24)+24*7+2, '02_SWEA_통합_코딩테스트_DB'!$J$4:$J$1260, "<>보류*") + COUNTIFS('02_SWEA_통합_코딩테스트_DB'!$G$4:$G$1260, DATE(2026,8,24)+24*7+2, '02_SWEA_통합_코딩테스트_DB'!$J$4:$J$1260, "<>보류*") + COUNTIFS('02_SWEA_통합_코딩테스트_DB'!$H$4:$H$1260, DATE(2026,8,24)+24*7+2, '02_SWEA_통합_코딩테스트_DB'!$J$4:$J$1260, "<>보류*") + COUNTIFS('02_SWEA_통합_코딩테스트_DB'!$I$4:$I$1260, DATE(2026,8,24)+24*7+2, '02_SWEA_통합_코딩테스트_DB'!$J$4:$J$1260, "<>보류*") + COUNTIF('03_보안기사_필기_DB'!$I$4:$M$100, DATE(2026,8,24)+24*7+2) + COUNTIF('04_보안기사_실기_DB'!$G$4:$I$30, DATE(2026,8,24)+24*7+2) + COUNTIF('08_빅분기_필기_DB'!$I$4:$K$34, DATE(2026,8,24)+24*7+2) + COUNTIF('09_빅분기_실기_DB'!$H$4:$I$25, DATE(2026,8,24)+24*7+2) | AB13: =COUNTIFS('02_SWEA_통합_코딩테스트_DB'!$F$4:$F$1260, DATE(2026,8,24)+25*7+2, '02_SWEA_통합_코딩테스트_DB'!$J$4:$J$1260, "<>보류*") + COUNTIFS('02_SWEA_통합_코딩테스트_DB'!$G$4:$G$1260, DATE(2026,8,24)+25*7+2, '02_SWEA_통합_코딩테스트_DB'!$J$4:$J$1260, "<>보류*") + COUNTIFS('02_SWEA_통합_코딩테스트_DB'!$H$4:$H$1260, DATE(2026,8,24)+25*7+2, '02_SWEA_통합_코딩테스트_DB'!$J$4:$J$1260, "<>보류*") + COUNTIFS('02_SWEA_통합_코딩테스트_DB'!$I$4:$I$1260, DATE(2026,8,24)+25*7+2, '02_SWEA_통합_코딩테스트_DB'!$J$4:$J$1260, "<>보류*") + COUNTIF('03_보안기사_필기_DB'!$I$4:$M$100, DATE(2026,8,24)+25*7+2) + COUNTIF('04_보안기사_실기_DB'!$G$4:$I$30, DATE(2026,8,24)+25*7+2) + COUNTIF('08_빅분기_필기_DB'!$I$4:$K$34, DATE(2026,8,24)+25*7+2) + COUNTIF('09_빅분기_실기_DB'!$H$4:$I$25, DATE(2026,8,24)+25*7+2) | AC13: =COUNTIFS('02_SWEA_통합_코딩테스트_DB'!$F$4:$F$1260, DATE(2026,8,24)+26*7+2, '02_SWEA_통합_코딩테스트_DB'!$J$4:$J$1260, "<>보류*") + COUNTIFS('02_SWEA_통합_코딩테스트_DB'!$G$4:$G$1260, DATE(2026,8,24)+26*7+2, '02_SWEA_통합_코딩테스트_DB'!$J$4:$J$1260, "<>보류*") + COUNTIFS('02_SWEA_통합_코딩테스트_DB'!$H$4:$H$1260, DATE(2026,8,24)+26*7+2, '02_SWEA_통합_코딩테스트_DB'!$J$4:$J$1260, "<>보류*") + COUNTIFS('02_SWEA_통합_코딩테스트_DB'!$I$4:$I$1260, DATE(2026,8,24)+26*7+2, '02_SWEA_통합_코딩테스트_DB'!$J$4:$J$1260, "<>보류*") + COUNTIF('03_보안기사_필기_DB'!$I$4:$M$100, DATE(2026,8,24)+26*7+2) + COUNTIF('04_보안기사_실기_DB'!$G$4:$I$30, DATE(2026,8,24)+26*7+2) + COUNTIF('08_빅분기_필기_DB'!$I$4:$K$34, DATE(2026,8,24)+26*7+2) + COUNTIF('09_빅분기_실기_DB'!$H$4:$I$25, DATE(2026,8,24)+26*7+2) | AD13: =COUNTIFS('02_SWEA_통합_코딩테스트_DB'!$F$4:$F$1260, DATE(2026,8,24)+27*7+2, '02_SWEA_통합_코딩테스트_DB'!$J$4:$J$1260, "<>보류*") + COUNTIFS('02_SWEA_통합_코딩테스트_DB'!$G$4:$G$1260, DATE(2026,8,24)+27*7+2, '02_SWEA_통합_코딩테스트_DB'!$J$4:$J$1260, "<>보류*") + COUNTIFS('02_SWEA_통합_코딩테스트_DB'!$H$4:$H$1260, DATE(2026,8,24)+27*7+2, '02_SWEA_통합_코딩테스트_DB'!$J$4:$J$1260, "<>보류*") + COUNTIFS('02_SWEA_통합_코딩테스트_DB'!$I$4:$I$1260, DATE(2026,8,24)+27*7+2, '02_SWEA_통합_코딩테스트_DB'!$J$4:$J$1260, "<>보류*") + COUNTIF('03_보안기사_필기_DB'!$I$4:$M$100, DATE(2026,8,24)+27*7+2) + COUNTIF('04_보안기사_실기_DB'!$G$4:$I$30, DATE(2026,8,24)+27*7+2) + COUNTIF('08_빅분기_필기_DB'!$I$4:$K$34, DATE(2026,8,24)+27*7+2) + COUNTIF('09_빅분기_실기_DB'!$H$4:$I$25, DATE(2026,8,24)+27*7+2) | AE13: =COUNTIFS('02_SWEA_통합_코딩테스트_DB'!$F$4:$F$1260, DATE(2026,8,24)+28*7+2, '02_SWEA_통합_코딩테스트_DB'!$J$4:$J$1260, "<>보류*") + COUNTIFS('02_SWEA_통합_코딩테스트_DB'!$G$4:$G$1260, DATE(2026,8,24)+28*7+2, '02_SWEA_통합_코딩테스트_DB'!$J$4:$J$1260, "<>보류*") + COUNTIFS('02_SWEA_통합_코딩테스트_DB'!$H$4:$H$1260, DATE(2026,8,24)+28*7+2, '02_SWEA_통합_코딩테스트_DB'!$J$4:$J$1260, "<>보류*") + COUNTIFS('02_SWEA_통합_코딩테스트_DB'!$I$4:$I$1260, DATE(2026,8,24)+28*7+2, '02_SWEA_통합_코딩테스트_DB'!$J$4:$J$1260, "<>보류*") + COUNTIF('03_보안기사_필기_DB'!$I$4:$M$100, DATE(2026,8,24)+28*7+2) + COUNTIF('04_보안기사_실기_DB'!$G$4:$I$30, DATE(2026,8,24)+28*7+2) + COUNTIF('08_빅분기_필기_DB'!$I$4:$K$34, DATE(2026,8,24)+28*7+2) + COUNTIF('09_빅분기_실기_DB'!$H$4:$I$25, DATE(2026,8,24)+28*7+2) | AF13: =COUNTIFS('02_SWEA_통합_코딩테스트_DB'!$F$4:$F$1260, DATE(2026,8,24)+29*7+2, '02_SWEA_통합_코딩테스트_DB'!$J$4:$J$1260, "<>보류*") + COUNTIFS('02_SWEA_통합_코딩테스트_DB'!$G$4:$G$1260, DATE(2026,8,24)+29*7+2, '02_SWEA_통합_코딩테스트_DB'!$J$4:$J$1260, "<>보류*") + COUNTIFS('02_SWEA_통합_코딩테스트_DB'!$H$4:$H$1260, DATE(2026,8,24)+29*7+2, '02_SWEA_통합_코딩테스트_DB'!$J$4:$J$1260, "<>보류*") + COUNTIFS('02_SWEA_통합_코딩테스트_DB'!$I$4:$I$1260, DATE(2026,8,24)+29*7+2, '02_SWEA_통합_코딩테스트_DB'!$J$4:$J$1260, "<>보류*") + COUNTIF('03_보안기사_필기_DB'!$I$4:$M$100, DATE(2026,8,24)+29*7+2) + COUNTIF('04_보안기사_실기_DB'!$G$4:$I$30, DATE(2026,8,24)+29*7+2) + COUNTIF('08_빅분기_필기_DB'!$I$4:$K$34, DATE(2026,8,24)+29*7+2) + COUNTIF('09_빅분기_실기_DB'!$H$4:$I$25, DATE(2026,8,24)+29*7+2) | AG13: =COUNTIFS('02_SWEA_통합_코딩테스트_DB'!$F$4:$F$1260, DATE(2026,8,24)+30*7+2, '02_SWEA_통합_코딩테스트_DB'!$J$4:$J$1260, "<>보류*") + COUNTIFS('02_SWEA_통합_코딩테스트_DB'!$G$4:$G$1260, DATE(2026,8,24)+30*7+2, '02_SWEA_통합_코딩테스트_DB'!$J$4:$J$1260, "<>보류*") + COUNTIFS('02_SWEA_통합_코딩테스트_DB'!$H$4:$H$1260, DATE(2026,8,24)+30*7+2, '02_SWEA_통합_코딩테스트_DB'!$J$4:$J$1260, "<>보류*") + COUNTIFS('02_SWEA_통합_코딩테스트_DB'!$I$4:$I$1260, DATE(2026,8,24)+30*7+2, '02_SWEA_통합_코딩테스트_DB'!$J$4:$J$1260, "<>보류*") + COUNTIF('03_보안기사_필기_DB'!$I$4:$M$100, DATE(2026,8,24)+30*7+2) + COUNTIF('04_보안기사_실기_DB'!$G$4:$I$30, DATE(2026,8,24)+30*7+2) + COUNTIF('08_빅분기_필기_DB'!$I$4:$K$34, DATE(2026,8,24)+30*7+2) + COUNTIF('09_빅분기_실기_DB'!$H$4:$I$25, DATE(2026,8,24)+30*7+2) | AH13: =COUNTIFS('02_SWEA_통합_코딩테스트_DB'!$F$4:$F$1260, DATE(2026,8,24)+31*7+2, '02_SWEA_통합_코딩테스트_DB'!$J$4:$J$1260, "<>보류*") + COUNTIFS('02_SWEA_통합_코딩테스트_DB'!$G$4:$G$1260, DATE(2026,8,24)+31*7+2, '02_SWEA_통합_코딩테스트_DB'!$J$4:$J$1260, "<>보류*") + COUNTIFS('02_SWEA_통합_코딩테스트_DB'!$H$4:$H$1260, DATE(2026,8,24)+31*7+2, '02_SWEA_통합_코딩테스트_DB'!$J$4:$J$1260, "<>보류*") + COUNTIFS('02_SWEA_통합_코딩테스트_DB'!$I$4:$I$1260, DATE(2026,8,24)+31*7+2, '02_SWEA_통합_코딩테스트_DB'!$J$4:$J$1260, "<>보류*") + COUNTIF('03_보안기사_필기_DB'!$I$4:$M$100, DATE(2026,8,24)+31*7+2) + COUNTIF('04_보안기사_실기_DB'!$G$4:$I$30, DATE(2026,8,24)+31*7+2) + COUNTIF('08_빅분기_필기_DB'!$I$4:$K$34, DATE(2026,8,24)+31*7+2) + COUNTIF('09_빅분기_실기_DB'!$H$4:$I$25, DATE(2026,8,24)+31*7+2) | AI13: =COUNTIFS('02_SWEA_통합_코딩테스트_DB'!$F$4:$F$1260, DATE(2026,8,24)+32*7+2, '02_SWEA_통합_코딩테스트_DB'!$J$4:$J$1260, "<>보류*") + COUNTIFS('02_SWEA_통합_코딩테스트_DB'!$G$4:$G$1260, DATE(2026,8,24)+32*7+2, '02_SWEA_통합_코딩테스트_DB'!$J$4:$J$1260, "<>보류*") + COUNTIFS('02_SWEA_통합_코딩테스트_DB'!$H$4:$H$1260, DATE(2026,8,24)+32*7+2, '02_SWEA_통합_코딩테스트_DB'!$J$4:$J$1260, "<>보류*") + COUNTIFS('02_SWEA_통합_코딩테스트_DB'!$I$4:$I$1260, DATE(2026,8,24)+32*7+2, '02_SWEA_통합_코딩테스트_DB'!$J$4:$J$1260, "<>보류*") + COUNTIF('03_보안기사_필기_DB'!$I$4:$M$100, DATE(2026,8,24)+32*7+2) + COUNTIF('04_보안기사_실기_DB'!$G$4:$I$30, DATE(2026,8,24)+32*7+2) + COUNTIF('08_빅분기_필기_DB'!$I$4:$K$34, DATE(2026,8,24)+32*7+2) + COUNTIF('09_빅분기_실기_DB'!$H$4:$I$25, DATE(2026,8,24)+32*7+2) | AJ13: =COUNTIFS('02_SWEA_통합_코딩테스트_DB'!$F$4:$F$1260, DATE(2026,8,24)+33*7+2, '02_SWEA_통합_코딩테스트_DB'!$J$4:$J$1260, "<>보류*") + COUNTIFS('02_SWEA_통합_코딩테스트_DB'!$G$4:$G$1260, DATE(2026,8,24)+33*7+2, '02_SWEA_통합_코딩테스트_DB'!$J$4:$J$1260, "<>보류*") + COUNTIFS('02_SWEA_통합_코딩테스트_DB'!$H$4:$H$1260, DATE(2026,8,24)+33*7+2, '02_SWEA_통합_코딩테스트_DB'!$J$4:$J$1260, "<>보류*") + COUNTIFS('02_SWEA_통합_코딩테스트_DB'!$I$4:$I$1260, DATE(2026,8,24)+33*7+2, '02_SWEA_통합_코딩테스트_DB'!$J$4:$J$1260, "<>보류*") + COUNTIF('03_보안기사_필기_DB'!$I$4:$M$100, DATE(2026,8,24)+33*7+2) + COUNTIF('04_보안기사_실기_DB'!$G$4:$I$30, DATE(2026,8,24)+33*7+2) + COUNTIF('08_빅분기_필기_DB'!$I$4:$K$34, DATE(2026,8,24)+33*7+2) + COUNTIF('09_빅분기_실기_DB'!$H$4:$I$25, DATE(2026,8,24)+33*7+2) | AK13: =COUNTIFS('02_SWEA_통합_코딩테스트_DB'!$F$4:$F$1260, DATE(2026,8,24)+34*7+2, '02_SWEA_통합_코딩테스트_DB'!$J$4:$J$1260, "<>보류*") + COUNTIFS('02_SWEA_통합_코딩테스트_DB'!$G$4:$G$1260, DATE(2026,8,24)+34*7+2, '02_SWEA_통합_코딩테스트_DB'!$J$4:$J$1260, "<>보류*") + COUNTIFS('02_SWEA_통합_코딩테스트_DB'!$H$4:$H$1260, DATE(2026,8,24)+34*7+2, '02_SWEA_통합_코딩테스트_DB'!$J$4:$J$1260, "<>보류*") + COUNTIFS('02_SWEA_통합_코딩테스트_DB'!$I$4:$I$1260, DATE(2026,8,24)+34*7+2, '02_SWEA_통합_코딩테스트_DB'!$J$4:$J$1260, "<>보류*") + COUNTIF('03_보안기사_필기_DB'!$I$4:$M$100, DATE(2026,8,24)+34*7+2) + COUNTIF('04_보안기사_실기_DB'!$G$4:$I$30, DATE(2026,8,24)+34*7+2) + COUNTIF('08_빅분기_필기_DB'!$I$4:$K$34, DATE(2026,8,24)+34*7+2) + COUNTIF('09_빅분기_실기_DB'!$H$4:$I$25, DATE(2026,8,24)+34*7+2) | AL13: =COUNTIFS('02_SWEA_통합_코딩테스트_DB'!$F$4:$F$1260, DATE(2026,8,24)+35*7+2, '02_SWEA_통합_코딩테스트_DB'!$J$4:$J$1260, "<>보류*") + COUNTIFS('02_SWEA_통합_코딩테스트_DB'!$G$4:$G$1260, DATE(2026,8,24)+35*7+2, '02_SWEA_통합_코딩테스트_DB'!$J$4:$J$1260, "<>보류*") + COUNTIFS('02_SWEA_통합_코딩테스트_DB'!$H$4:$H$1260, DATE(2026,8,24)+35*7+2, '02_SWEA_통합_코딩테스트_DB'!$J$4:$J$1260, "<>보류*") + COUNTIFS('02_SWEA_통합_코딩테스트_DB'!$I$4:$I$1260, DATE(2026,8,24)+35*7+2, '02_SWEA_통합_코딩테스트_DB'!$J$4:$J$1260, "<>보류*") + COUNTIF('03_보안기사_필기_DB'!$I$4:$M$100, DATE(2026,8,24)+35*7+2) + COUNTIF('04_보안기사_실기_DB'!$G$4:$I$30, DATE(2026,8,24)+35*7+2) + COUNTIF('08_빅분기_필기_DB'!$I$4:$K$34, DATE(2026,8,24)+35*7+2) + COUNTIF('09_빅분기_실기_DB'!$H$4:$I$25, DATE(2026,8,24)+35*7+2) | AM13: =COUNTIFS('02_SWEA_통합_코딩테스트_DB'!$F$4:$F$1260, DATE(2026,8,24)+36*7+2, '02_SWEA_통합_코딩테스트_DB'!$J$4:$J$1260, "<>보류*") + COUNTIFS('02_SWEA_통합_코딩테스트_DB'!$G$4:$G$1260, DATE(2026,8,24)+36*7+2, '02_SWEA_통합_코딩테스트_DB'!$J$4:$J$1260, "<>보류*") + COUNTIFS('02_SWEA_통합_코딩테스트_DB'!$H$4:$H$1260, DATE(2026,8,24)+36*7+2, '02_SWEA_통합_코딩테스트_DB'!$J$4:$J$1260, "<>보류*") + COUNTIFS('02_SWEA_통합_코딩테스트_DB'!$I$4:$I$1260, DATE(2026,8,24)+36*7+2, '02_SWEA_통합_코딩테스트_DB'!$J$4:$J$1260, "<>보류*") + COUNTIF('03_보안기사_필기_DB'!$I$4:$M$100, DATE(2026,8,24)+36*7+2) + COUNTIF('04_보안기사_실기_DB'!$G$4:$I$30, DATE(2026,8,24)+36*7+2) + COUNTIF('08_빅분기_필기_DB'!$I$4:$K$34, DATE(2026,8,24)+36*7+2) + COUNTIF('09_빅분기_실기_DB'!$H$4:$I$25, DATE(2026,8,24)+36*7+2) | AN13: =COUNTIFS('02_SWEA_통합_코딩테스트_DB'!$F$4:$F$1260, DATE(2026,8,24)+37*7+2, '02_SWEA_통합_코딩테스트_DB'!$J$4:$J$1260, "<>보류*") + COUNTIFS('02_SWEA_통합_코딩테스트_DB'!$G$4:$G$1260, DATE(2026,8,24)+37*7+2, '02_SWEA_통합_코딩테스트_DB'!$J$4:$J$1260, "<>보류*") + COUNTIFS('02_SWEA_통합_코딩테스트_DB'!$H$4:$H$1260, DATE(2026,8,24)+37*7+2, '02_SWEA_통합_코딩테스트_DB'!$J$4:$J$1260, "<>보류*") + COUNTIFS('02_SWEA_통합_코딩테스트_DB'!$I$4:$I$1260, DATE(2026,8,24)+37*7+2, '02_SWEA_통합_코딩테스트_DB'!$J$4:$J$1260, "<>보류*") + COUNTIF('03_보안기사_필기_DB'!$I$4:$M$100, DATE(2026,8,24)+37*7+2) + COUNTIF('04_보안기사_실기_DB'!$G$4:$I$30, DATE(2026,8,24)+37*7+2) + COUNTIF('08_빅분기_필기_DB'!$I$4:$K$34, DATE(2026,8,24)+37*7+2) + COUNTIF('09_빅분기_실기_DB'!$H$4:$I$25, DATE(2026,8,24)+37*7+2) | AO13: =COUNTIFS('02_SWEA_통합_코딩테스트_DB'!$F$4:$F$1260, DATE(2026,8,24)+38*7+2, '02_SWEA_통합_코딩테스트_DB'!$J$4:$J$1260, "<>보류*") + COUNTIFS('02_SWEA_통합_코딩테스트_DB'!$G$4:$G$1260, DATE(2026,8,24)+38*7+2, '02_SWEA_통합_코딩테스트_DB'!$J$4:$J$1260, "<>보류*") + COUNTIFS('02_SWEA_통합_코딩테스트_DB'!$H$4:$H$1260, DATE(2026,8,24)+38*7+2, '02_SWEA_통합_코딩테스트_DB'!$J$4:$J$1260, "<>보류*") + COUNTIFS('02_SWEA_통합_코딩테스트_DB'!$I$4:$I$1260, DATE(2026,8,24)+38*7+2, '02_SWEA_통합_코딩테스트_DB'!$J$4:$J$1260, "<>보류*") + COUNTIF('03_보안기사_필기_DB'!$I$4:$M$100, DATE(2026,8,24)+38*7+2) + COUNTIF('04_보안기사_실기_DB'!$G$4:$I$30, DATE(2026,8,24)+38*7+2) + COUNTIF('08_빅분기_필기_DB'!$I$4:$K$34, DATE(2026,8,24)+38*7+2) + COUNTIF('09_빅분기_실기_DB'!$H$4:$I$25, DATE(2026,8,24)+38*7+2) | AP13: =COUNTIFS('02_SWEA_통합_코딩테스트_DB'!$F$4:$F$1260, DATE(2026,8,24)+39*7+2, '02_SWEA_통합_코딩테스트_DB'!$J$4:$J$1260, "<>보류*") + COUNTIFS('02_SWEA_통합_코딩테스트_DB'!$G$4:$G$1260, DATE(2026,8,24)+39*7+2, '02_SWEA_통합_코딩테스트_DB'!$J$4:$J$1260, "<>보류*") + COUNTIFS('02_SWEA_통합_코딩테스트_DB'!$H$4:$H$1260, DATE(2026,8,24)+39*7+2, '02_SWEA_통합_코딩테스트_DB'!$J$4:$J$1260, "<>보류*") + COUNTIFS('02_SWEA_통합_코딩테스트_DB'!$I$4:$I$1260, DATE(2026,8,24)+39*7+2, '02_SWEA_통합_코딩테스트_DB'!$J$4:$J$1260, "<>보류*") + COUNTIF('03_보안기사_필기_DB'!$I$4:$M$100, DATE(2026,8,24)+39*7+2) + COUNTIF('04_보안기사_실기_DB'!$G$4:$I$30, DATE(2026,8,24)+39*7+2) + COUNTIF('08_빅분기_필기_DB'!$I$4:$K$34, DATE(2026,8,24)+39*7+2) + COUNTIF('09_빅분기_실기_DB'!$H$4:$I$25, DATE(2026,8,24)+39*7+2) | AQ13: =COUNTIFS('02_SWEA_통합_코딩테스트_DB'!$F$4:$F$1260, DATE(2026,8,24)+40*7+2, '02_SWEA_통합_코딩테스트_DB'!$J$4:$J$1260, "<>보류*") + COUNTIFS('02_SWEA_통합_코딩테스트_DB'!$G$4:$G$1260, DATE(2026,8,24)+40*7+2, '02_SWEA_통합_코딩테스트_DB'!$J$4:$J$1260, "<>보류*") + COUNTIFS('02_SWEA_통합_코딩테스트_DB'!$H$4:$H$1260, DATE(2026,8,24)+40*7+2, '02_SWEA_통합_코딩테스트_DB'!$J$4:$J$1260, "<>보류*") + COUNTIFS('02_SWEA_통합_코딩테스트_DB'!$I$4:$I$1260, DATE(2026,8,24)+40*7+2, '02_SWEA_통합_코딩테스트_DB'!$J$4:$J$1260, "<>보류*") + COUNTIF('03_보안기사_필기_DB'!$I$4:$M$100, DATE(2026,8,24)+40*7+2) + COUNTIF('04_보안기사_실기_DB'!$G$4:$I$30, DATE(2026,8,24)+40*7+2) + COUNTIF('08_빅분기_필기_DB'!$I$4:$K$34, DATE(2026,8,24)+40*7+2) + COUNTIF('09_빅분기_실기_DB'!$H$4:$I$25, DATE(2026,8,24)+40*7+2) | AR13: =COUNTIFS('02_SWEA_통합_코딩테스트_DB'!$F$4:$F$1260, DATE(2026,8,24)+41*7+2, '02_SWEA_통합_코딩테스트_DB'!$J$4:$J$1260, "<>보류*") + COUNTIFS('02_SWEA_통합_코딩테스트_DB'!$G$4:$G$1260, DATE(2026,8,24)+41*7+2, '02_SWEA_통합_코딩테스트_DB'!$J$4:$J$1260, "<>보류*") + COUNTIFS('02_SWEA_통합_코딩테스트_DB'!$H$4:$H$1260, DATE(2026,8,24)+41*7+2, '02_SWEA_통합_코딩테스트_DB'!$J$4:$J$1260, "<>보류*") + COUNTIFS('02_SWEA_통합_코딩테스트_DB'!$I$4:$I$1260, DATE(2026,8,24)+41*7+2, '02_SWEA_통합_코딩테스트_DB'!$J$4:$J$1260, "<>보류*") + COUNTIF('03_보안기사_필기_DB'!$I$4:$M$100, DATE(2026,8,24)+41*7+2) + COUNTIF('04_보안기사_실기_DB'!$G$4:$I$30, DATE(2026,8,24)+41*7+2) + COUNTIF('08_빅분기_필기_DB'!$I$4:$K$34, DATE(2026,8,24)+41*7+2) + COUNTIF('09_빅분기_실기_DB'!$H$4:$I$25, DATE(2026,8,24)+41*7+2) | AS13: =COUNTIFS('02_SWEA_통합_코딩테스트_DB'!$F$4:$F$1260, DATE(2026,8,24)+42*7+2, '02_SWEA_통합_코딩테스트_DB'!$J$4:$J$1260, "<>보류*") + COUNTIFS('02_SWEA_통합_코딩테스트_DB'!$G$4:$G$1260, DATE(2026,8,24)+42*7+2, '02_SWEA_통합_코딩테스트_DB'!$J$4:$J$1260, "<>보류*") + COUNTIFS('02_SWEA_통합_코딩테스트_DB'!$H$4:$H$1260, DATE(2026,8,24)+42*7+2, '02_SWEA_통합_코딩테스트_DB'!$J$4:$J$1260, "<>보류*") + COUNTIFS('02_SWEA_통합_코딩테스트_DB'!$I$4:$I$1260, DATE(2026,8,24)+42*7+2, '02_SWEA_통합_코딩테스트_DB'!$J$4:$J$1260, "<>보류*") + COUNTIF('03_보안기사_필기_DB'!$I$4:$M$100, DATE(2026,8,24)+42*7+2) + COUNTIF('04_보안기사_실기_DB'!$G$4:$I$30, DATE(2026,8,24)+42*7+2) + COUNTIF('08_빅분기_필기_DB'!$I$4:$K$34, DATE(2026,8,24)+42*7+2) + COUNTIF('09_빅분기_실기_DB'!$H$4:$I$25, DATE(2026,8,24)+42*7+2) | AT13: =COUNTIFS('02_SWEA_통합_코딩테스트_DB'!$F$4:$F$1260, DATE(2026,8,24)+43*7+2, '02_SWEA_통합_코딩테스트_DB'!$J$4:$J$1260, "<>보류*") + COUNTIFS('02_SWEA_통합_코딩테스트_DB'!$G$4:$G$1260, DATE(2026,8,24)+43*7+2, '02_SWEA_통합_코딩테스트_DB'!$J$4:$J$1260, "<>보류*") + COUNTIFS('02_SWEA_통합_코딩테스트_DB'!$H$4:$H$1260, DATE(2026,8,24)+43*7+2, '02_SWEA_통합_코딩테스트_DB'!$J$4:$J$1260, "<>보류*") + COUNTIFS('02_SWEA_통합_코딩테스트_DB'!$I$4:$I$1260, DATE(2026,8,24)+43*7+2, '02_SWEA_통합_코딩테스트_DB'!$J$4:$J$1260, "<>보류*") + COUNTIF('03_보안기사_필기_DB'!$I$4:$M$100, DATE(2026,8,24)+43*7+2) + COUNTIF('04_보안기사_실기_DB'!$G$4:$I$30, DATE(2026,8,24)+43*7+2) + COUNTIF('08_빅분기_필기_DB'!$I$4:$K$34, DATE(2026,8,24)+43*7+2) + COUNTIF('09_빅분기_실기_DB'!$H$4:$I$25, DATE(2026,8,24)+43*7+2) | AU13: =COUNTIFS('02_SWEA_통합_코딩테스트_DB'!$F$4:$F$1260, DATE(2026,8,24)+44*7+2, '02_SWEA_통합_코딩테스트_DB'!$J$4:$J$1260, "<>보류*") + COUNTIFS('02_SWEA_통합_코딩테스트_DB'!$G$4:$G$1260, DATE(2026,8,24)+44*7+2, '02_SWEA_통합_코딩테스트_DB'!$J$4:$J$1260, "<>보류*") + COUNTIFS('02_SWEA_통합_코딩테스트_DB'!$H$4:$H$1260, DATE(2026,8,24)+44*7+2, '02_SWEA_통합_코딩테스트_DB'!$J$4:$J$1260, "<>보류*") + COUNTIFS('02_SWEA_통합_코딩테스트_DB'!$I$4:$I$1260, DATE(2026,8,24)+44*7+2, '02_SWEA_통합_코딩테스트_DB'!$J$4:$J$1260, "<>보류*") + COUNTIF('03_보안기사_필기_DB'!$I$4:$M$100, DATE(2026,8,24)+44*7+2) + COUNTIF('04_보안기사_실기_DB'!$G$4:$I$30, DATE(2026,8,24)+44*7+2) + COUNTIF('08_빅분기_필기_DB'!$I$4:$K$34, DATE(2026,8,24)+44*7+2) + COUNTIF('09_빅분기_실기_DB'!$H$4:$I$25, DATE(2026,8,24)+44*7+2) | AV13: =COUNTIFS('02_SWEA_통합_코딩테스트_DB'!$F$4:$F$1260, DATE(2026,8,24)+45*7+2, '02_SWEA_통합_코딩테스트_DB'!$J$4:$J$1260, "<>보류*") + COUNTIFS('02_SWEA_통합_코딩테스트_DB'!$G$4:$G$1260, DATE(2026,8,24)+45*7+2, '02_SWEA_통합_코딩테스트_DB'!$J$4:$J$1260, "<>보류*") + COUNTIFS('02_SWEA_통합_코딩테스트_DB'!$H$4:$H$1260, DATE(2026,8,24)+45*7+2, '02_SWEA_통합_코딩테스트_DB'!$J$4:$J$1260, "<>보류*") + COUNTIFS('02_SWEA_통합_코딩테스트_DB'!$I$4:$I$1260, DATE(2026,8,24)+45*7+2, '02_SWEA_통합_코딩테스트_DB'!$J$4:$J$1260, "<>보류*") + COUNTIF('03_보안기사_필기_DB'!$I$4:$M$100, DATE(2026,8,24)+45*7+2) + COUNTIF('04_보안기사_실기_DB'!$G$4:$I$30, DATE(2026,8,24)+45*7+2) + COUNTIF('08_빅분기_필기_DB'!$I$4:$K$34, DATE(2026,8,24)+45*7+2) + COUNTIF('09_빅분기_실기_DB'!$H$4:$I$25, DATE(2026,8,24)+45*7+2) | AW13: =COUNTIFS('02_SWEA_통합_코딩테스트_DB'!$F$4:$F$1260, DATE(2026,8,24)+46*7+2, '02_SWEA_통합_코딩테스트_DB'!$J$4:$J$1260, "<>보류*") + COUNTIFS('02_SWEA_통합_코딩테스트_DB'!$G$4:$G$1260, DATE(2026,8,24)+46*7+2, '02_SWEA_통합_코딩테스트_DB'!$J$4:$J$1260, "<>보류*") + COUNTIFS('02_SWEA_통합_코딩테스트_DB'!$H$4:$H$1260, DATE(2026,8,24)+46*7+2, '02_SWEA_통합_코딩테스트_DB'!$J$4:$J$1260, "<>보류*") + COUNTIFS('02_SWEA_통합_코딩테스트_DB'!$I$4:$I$1260, DATE(2026,8,24)+46*7+2, '02_SWEA_통합_코딩테스트_DB'!$J$4:$J$1260, "<>보류*") + COUNTIF('03_보안기사_필기_DB'!$I$4:$M$100, DATE(2026,8,24)+46*7+2) + COUNTIF('04_보안기사_실기_DB'!$G$4:$I$30, DATE(2026,8,24)+46*7+2) + COUNTIF('08_빅분기_필기_DB'!$I$4:$K$34, DATE(2026,8,24)+46*7+2) + COUNTIF('09_빅분기_실기_DB'!$H$4:$I$25, DATE(2026,8,24)+46*7+2) | AX13: =COUNTIFS('02_SWEA_통합_코딩테스트_DB'!$F$4:$F$1260, DATE(2026,8,24)+47*7+2, '02_SWEA_통합_코딩테스트_DB'!$J$4:$J$1260, "<>보류*") + COUNTIFS('02_SWEA_통합_코딩테스트_DB'!$G$4:$G$1260, DATE(2026,8,24)+47*7+2, '02_SWEA_통합_코딩테스트_DB'!$J$4:$J$1260, "<>보류*") + COUNTIFS('02_SWEA_통합_코딩테스트_DB'!$H$4:$H$1260, DATE(2026,8,24)+47*7+2, '02_SWEA_통합_코딩테스트_DB'!$J$4:$J$1260, "<>보류*") + COUNTIFS('02_SWEA_통합_코딩테스트_DB'!$I$4:$I$1260, DATE(2026,8,24)+47*7+2, '02_SWEA_통합_코딩테스트_DB'!$J$4:$J$1260, "<>보류*") + COUNTIF('03_보안기사_필기_DB'!$I$4:$M$100, DATE(2026,8,24)+47*7+2) + COUNTIF('04_보안기사_실기_DB'!$G$4:$I$30, DATE(2026,8,24)+47*7+2) + COUNTIF('08_빅분기_필기_DB'!$I$4:$K$34, DATE(2026,8,24)+47*7+2) + COUNTIF('09_빅분기_실기_DB'!$H$4:$I$25, DATE(2026,8,24)+47*7+2) | AY13: =COUNTIFS('02_SWEA_통합_코딩테스트_DB'!$F$4:$F$1260, DATE(2026,8,24)+48*7+2, '02_SWEA_통합_코딩테스트_DB'!$J$4:$J$1260, "<>보류*") + COUNTIFS('02_SWEA_통합_코딩테스트_DB'!$G$4:$G$1260, DATE(2026,8,24)+48*7+2, '02_SWEA_통합_코딩테스트_DB'!$J$4:$J$1260, "<>보류*") + COUNTIFS('02_SWEA_통합_코딩테스트_DB'!$H$4:$H$1260, DATE(2026,8,24)+48*7+2, '02_SWEA_통합_코딩테스트_DB'!$J$4:$J$1260, "<>보류*") + COUNTIFS('02_SWEA_통합_코딩테스트_DB'!$I$4:$I$1260, DATE(2026,8,24)+48*7+2, '02_SWEA_통합_코딩테스트_DB'!$J$4:$J$1260, "<>보류*") + COUNTIF('03_보안기사_필기_DB'!$I$4:$M$100, DATE(2026,8,24)+48*7+2) + COUNTIF('04_보안기사_실기_DB'!$G$4:$I$30, DATE(2026,8,24)+48*7+2) + COUNTIF('08_빅분기_필기_DB'!$I$4:$K$34, DATE(2026,8,24)+48*7+2) + COUNTIF('09_빅분기_실기_DB'!$H$4:$I$25, DATE(2026,8,24)+48*7+2) | AZ13: =COUNTIFS('02_SWEA_통합_코딩테스트_DB'!$F$4:$F$1260, DATE(2026,8,24)+49*7+2, '02_SWEA_통합_코딩테스트_DB'!$J$4:$J$1260, "<>보류*") + COUNTIFS('02_SWEA_통합_코딩테스트_DB'!$G$4:$G$1260, DATE(2026,8,24)+49*7+2, '02_SWEA_통합_코딩테스트_DB'!$J$4:$J$1260, "<>보류*") + COUNTIFS('02_SWEA_통합_코딩테스트_DB'!$H$4:$H$1260, DATE(2026,8,24)+49*7+2, '02_SWEA_통합_코딩테스트_DB'!$J$4:$J$1260, "<>보류*") + COUNTIFS('02_SWEA_통합_코딩테스트_DB'!$I$4:$I$1260, DATE(2026,8,24)+49*7+2, '02_SWEA_통합_코딩테스트_DB'!$J$4:$J$1260, "<>보류*") + COUNTIF('03_보안기사_필기_DB'!$I$4:$M$100, DATE(2026,8,24)+49*7+2) + COUNTIF('04_보안기사_실기_DB'!$G$4:$I$30, DATE(2026,8,24)+49*7+2) + COUNTIF('08_빅분기_필기_DB'!$I$4:$K$34, DATE(2026,8,24)+49*7+2) + COUNTIF('09_빅분기_실기_DB'!$H$4:$I$25, DATE(2026,8,24)+49*7+2) | BA13: =COUNTIFS('02_SWEA_통합_코딩테스트_DB'!$F$4:$F$1260, DATE(2026,8,24)+50*7+2, '02_SWEA_통합_코딩테스트_DB'!$J$4:$J$1260, "<>보류*") + COUNTIFS('02_SWEA_통합_코딩테스트_DB'!$G$4:$G$1260, DATE(2026,8,24)+50*7+2, '02_SWEA_통합_코딩테스트_DB'!$J$4:$J$1260, "<>보류*") + COUNTIFS('02_SWEA_통합_코딩테스트_DB'!$H$4:$H$1260, DATE(2026,8,24)+50*7+2, '02_SWEA_통합_코딩테스트_DB'!$J$4:$J$1260, "<>보류*") + COUNTIFS('02_SWEA_통합_코딩테스트_DB'!$I$4:$I$1260, DATE(2026,8,24)+50*7+2, '02_SWEA_통합_코딩테스트_DB'!$J$4:$J$1260, "<>보류*") + COUNTIF('03_보안기사_필기_DB'!$I$4:$M$100, DATE(2026,8,24)+50*7+2) + COUNTIF('04_보안기사_실기_DB'!$G$4:$I$30, DATE(2026,8,24)+50*7+2) + COUNTIF('08_빅분기_필기_DB'!$I$4:$K$34, DATE(2026,8,24)+50*7+2) + COUNTIF('09_빅분기_실기_DB'!$H$4:$I$25, DATE(2026,8,24)+50*7+2) | BB13: =COUNTIFS('02_SWEA_통합_코딩테스트_DB'!$F$4:$F$1260, DATE(2026,8,24)+51*7+2, '02_SWEA_통합_코딩테스트_DB'!$J$4:$J$1260, "<>보류*") + COUNTIFS('02_SWEA_통합_코딩테스트_DB'!$G$4:$G$1260, DATE(2026,8,24)+51*7+2, '02_SWEA_통합_코딩테스트_DB'!$J$4:$J$1260, "<>보류*") + COUNTIFS('02_SWEA_통합_코딩테스트_DB'!$H$4:$H$1260, DATE(2026,8,24)+51*7+2, '02_SWEA_통합_코딩테스트_DB'!$J$4:$J$1260, "<>보류*") + COUNTIFS('02_SWEA_통합_코딩테스트_DB'!$I$4:$I$1260, DATE(2026,8,24)+51*7+2, '02_SWEA_통합_코딩테스트_DB'!$J$4:$J$1260, "<>보류*") + COUNTIF('03_보안기사_필기_DB'!$I$4:$M$100, DATE(2026,8,24)+51*7+2) + COUNTIF('04_보안기사_실기_DB'!$G$4:$I$30, DATE(2026,8,24)+51*7+2) + COUNTIF('08_빅분기_필기_DB'!$I$4:$K$34, DATE(2026,8,24)+51*7+2) + COUNTIF('09_빅분기_실기_DB'!$H$4:$I$25, DATE(2026,8,24)+51*7+2) | BC13: =COUNTIFS('02_SWEA_통합_코딩테스트_DB'!$F$4:$F$1260, DATE(2026,8,24)+52*7+2, '02_SWEA_통합_코딩테스트_DB'!$J$4:$J$1260, "<>보류*") + COUNTIFS('02_SWEA_통합_코딩테스트_DB'!$G$4:$G$1260, DATE(2026,8,24)+52*7+2, '02_SWEA_통합_코딩테스트_DB'!$J$4:$J$1260, "<>보류*") + COUNTIFS('02_SWEA_통합_코딩테스트_DB'!$H$4:$H$1260, DATE(2026,8,24)+52*7+2, '02_SWEA_통합_코딩테스트_DB'!$J$4:$J$1260, "<>보류*") + COUNTIFS('02_SWEA_통합_코딩테스트_DB'!$I$4:$I$1260, DATE(2026,8,24)+52*7+2, '02_SWEA_통합_코딩테스트_DB'!$J$4:$J$1260, "<>보류*") + COUNTIF('03_보안기사_필기_DB'!$I$4:$M$100, DATE(2026,8,24)+52*7+2) + COUNTIF('04_보안기사_실기_DB'!$G$4:$I$30, DATE(2026,8,24)+52*7+2)
A14: 목 (Thu) | C14: =COUNTIFS('02_SWEA_통합_코딩테스트_DB'!$F$4:$F$1260, DATE(2026,8,24)+0*7+3, '02_SWEA_통합_코딩테스트_DB'!$J$4:$J$1260, "<>보류*") + COUNTIFS('02_SWEA_통합_코딩테스트_DB'!$G$4:$G$1260, DATE(2026,8,24)+0*7+3, '02_SWEA_통합_코딩테스트_DB'!$J$4:$J$1260, "<>보류*") + COUNTIFS('02_SWEA_통합_코딩테스트_DB'!$H$4:$H$1260, DATE(2026,8,24)+0*7+3, '02_SWEA_통합_코딩테스트_DB'!$J$4:$J$1260, "<>보류*") + COUNTIFS('02_SWEA_통합_코딩테스트_DB'!$I$4:$I$1260, DATE(2026,8,24)+0*7+3, '02_SWEA_통합_코딩테스트_DB'!$J$4:$J$1260, "<>보류*") + COUNTIF('03_보안기사_필기_DB'!$I$4:$M$100, DATE(2026,8,24)+0*7+3) + COUNTIF('04_보안기사_실기_DB'!$G$4:$I$30, DATE(2026,8,24)+0*7+3) + COUNTIF('08_빅분기_필기_DB'!$I$4:$K$34, DATE(2026,8,24)+0*7+3) + COUNTIF('09_빅분기_실기_DB'!$H$4:$I$25, DATE(2026,8,24)+0*7+3) | D14: =COUNTIFS('02_SWEA_통합_코딩테스트_DB'!$F$4:$F$1260, DATE(2026,8,24)+1*7+3, '02_SWEA_통합_코딩테스트_DB'!$J$4:$J$1260, "<>보류*") + COUNTIFS('02_SWEA_통합_코딩테스트_DB'!$G$4:$G$1260, DATE(2026,8,24)+1*7+3, '02_SWEA_통합_코딩테스트_DB'!$J$4:$J$1260, "<>보류*") + COUNTIFS('02_SWEA_통합_코딩테스트_DB'!$H$4:$H$1260, DATE(2026,8,24)+1*7+3, '02_SWEA_통합_코딩테스트_DB'!$J$4:$J$1260, "<>보류*") + COUNTIFS('02_SWEA_통합_코딩테스트_DB'!$I$4:$I$1260, DATE(2026,8,24)+1*7+3, '02_SWEA_통합_코딩테스트_DB'!$J$4:$J$1260, "<>보류*") + COUNTIF('03_보안기사_필기_DB'!$I$4:$M$100, DATE(2026,8,24)+1*7+3) + COUNTIF('04_보안기사_실기_DB'!$G$4:$I$30, DATE(2026,8,24)+1*7+3) + COUNTIF('08_빅분기_필기_DB'!$I$4:$K$34, DATE(2026,8,24)+1*7+3) + COUNTIF('09_빅분기_실기_DB'!$H$4:$I$25, DATE(2026,8,24)+1*7+3) | E14: =COUNTIFS('02_SWEA_통합_코딩테스트_DB'!$F$4:$F$1260, DATE(2026,8,24)+2*7+3, '02_SWEA_통합_코딩테스트_DB'!$J$4:$J$1260, "<>보류*") + COUNTIFS('02_SWEA_통합_코딩테스트_DB'!$G$4:$G$1260, DATE(2026,8,24)+2*7+3, '02_SWEA_통합_코딩테스트_DB'!$J$4:$J$1260, "<>보류*") + COUNTIFS('02_SWEA_통합_코딩테스트_DB'!$H$4:$H$1260, DATE(2026,8,24)+2*7+3, '02_SWEA_통합_코딩테스트_DB'!$J$4:$J$1260, "<>보류*") + COUNTIFS('02_SWEA_통합_코딩테스트_DB'!$I$4:$I$1260, DATE(2026,8,24)+2*7+3, '02_SWEA_통합_코딩테스트_DB'!$J$4:$J$1260, "<>보류*") + COUNTIF('03_보안기사_필기_DB'!$I$4:$M$100, DATE(2026,8,24)+2*7+3) + COUNTIF('04_보안기사_실기_DB'!$G$4:$I$30, DATE(2026,8,24)+2*7+3) + COUNTIF('08_빅분기_필기_DB'!$I$4:$K$34, DATE(2026,8,24)+2*7+3) + COUNTIF('09_빅분기_실기_DB'!$H$4:$I$25, DATE(2026,8,24)+2*7+3) | F14: =COUNTIFS('02_SWEA_통합_코딩테스트_DB'!$F$4:$F$1260, DATE(2026,8,24)+3*7+3, '02_SWEA_통합_코딩테스트_DB'!$J$4:$J$1260, "<>보류*") + COUNTIFS('02_SWEA_통합_코딩테스트_DB'!$G$4:$G$1260, DATE(2026,8,24)+3*7+3, '02_SWEA_통합_코딩테스트_DB'!$J$4:$J$1260, "<>보류*") + COUNTIFS('02_SWEA_통합_코딩테스트_DB'!$H$4:$H$1260, DATE(2026,8,24)+3*7+3, '02_SWEA_통합_코딩테스트_DB'!$J$4:$J$1260, "<>보류*") + COUNTIFS('02_SWEA_통합_코딩테스트_DB'!$I$4:$I$1260, DATE(2026,8,24)+3*7+3, '02_SWEA_통합_코딩테스트_DB'!$J$4:$J$1260, "<>보류*") + COUNTIF('03_보안기사_필기_DB'!$I$4:$M$100, DATE(2026,8,24)+3*7+3) + COUNTIF('04_보안기사_실기_DB'!$G$4:$I$30, DATE(2026,8,24)+3*7+3) + COUNTIF('08_빅분기_필기_DB'!$I$4:$K$34, DATE(2026,8,24)+3*7+3) + COUNTIF('09_빅분기_실기_DB'!$H$4:$I$25, DATE(2026,8,24)+3*7+3) | G14: =COUNTIFS('02_SWEA_통합_코딩테스트_DB'!$F$4:$F$1260, DATE(2026,8,24)+4*7+3, '02_SWEA_통합_코딩테스트_DB'!$J$4:$J$1260, "<>보류*") + COUNTIFS('02_SWEA_통합_코딩테스트_DB'!$G$4:$G$1260, DATE(2026,8,24)+4*7+3, '02_SWEA_통합_코딩테스트_DB'!$J$4:$J$1260, "<>보류*") + COUNTIFS('02_SWEA_통합_코딩테스트_DB'!$H$4:$H$1260, DATE(2026,8,24)+4*7+3, '02_SWEA_통합_코딩테스트_DB'!$J$4:$J$1260, "<>보류*") + COUNTIFS('02_SWEA_통합_코딩테스트_DB'!$I$4:$I$1260, DATE(2026,8,24)+4*7+3, '02_SWEA_통합_코딩테스트_DB'!$J$4:$J$1260, "<>보류*") + COUNTIF('03_보안기사_필기_DB'!$I$4:$M$100, DATE(2026,8,24)+4*7+3) + COUNTIF('04_보안기사_실기_DB'!$G$4:$I$30, DATE(2026,8,24)+4*7+3) + COUNTIF('08_빅분기_필기_DB'!$I$4:$K$34, DATE(2026,8,24)+4*7+3) + COUNTIF('09_빅분기_실기_DB'!$H$4:$I$25, DATE(2026,8,24)+4*7+3) | H14: =COUNTIFS('02_SWEA_통합_코딩테스트_DB'!$F$4:$F$1260, DATE(2026,8,24)+5*7+3, '02_SWEA_통합_코딩테스트_DB'!$J$4:$J$1260, "<>보류*") + COUNTIFS('02_SWEA_통합_코딩테스트_DB'!$G$4:$G$1260, DATE(2026,8,24)+5*7+3, '02_SWEA_통합_코딩테스트_DB'!$J$4:$J$1260, "<>보류*") + COUNTIFS('02_SWEA_통합_코딩테스트_DB'!$H$4:$H$1260, DATE(2026,8,24)+5*7+3, '02_SWEA_통합_코딩테스트_DB'!$J$4:$J$1260, "<>보류*") + COUNTIFS('02_SWEA_통합_코딩테스트_DB'!$I$4:$I$1260, DATE(2026,8,24)+5*7+3, '02_SWEA_통합_코딩테스트_DB'!$J$4:$J$1260, "<>보류*") + COUNTIF('03_보안기사_필기_DB'!$I$4:$M$100, DATE(2026,8,24)+5*7+3) + COUNTIF('04_보안기사_실기_DB'!$G$4:$I$30, DATE(2026,8,24)+5*7+3) + COUNTIF('08_빅분기_필기_DB'!$I$4:$K$34, DATE(2026,8,24)+5*7+3) + COUNTIF('09_빅분기_실기_DB'!$H$4:$I$25, DATE(2026,8,24)+5*7+3) | I14: =COUNTIFS('02_SWEA_통합_코딩테스트_DB'!$F$4:$F$1260, DATE(2026,8,24)+6*7+3, '02_SWEA_통합_코딩테스트_DB'!$J$4:$J$1260, "<>보류*") + COUNTIFS('02_SWEA_통합_코딩테스트_DB'!$G$4:$G$1260, DATE(2026,8,24)+6*7+3, '02_SWEA_통합_코딩테스트_DB'!$J$4:$J$1260, "<>보류*") + COUNTIFS('02_SWEA_통합_코딩테스트_DB'!$H$4:$H$1260, DATE(2026,8,24)+6*7+3, '02_SWEA_통합_코딩테스트_DB'!$J$4:$J$1260, "<>보류*") + COUNTIFS('02_SWEA_통합_코딩테스트_DB'!$I$4:$I$1260, DATE(2026,8,24)+6*7+3, '02_SWEA_통합_코딩테스트_DB'!$J$4:$J$1260, "<>보류*") + COUNTIF('03_보안기사_필기_DB'!$I$4:$M$100, DATE(2026,8,24)+6*7+3) + COUNTIF('04_보안기사_실기_DB'!$G$4:$I$30, DATE(2026,8,24)+6*7+3) + COUNTIF('08_빅분기_필기_DB'!$I$4:$K$34, DATE(2026,8,24)+6*7+3) + COUNTIF('09_빅분기_실기_DB'!$H$4:$I$25, DATE(2026,8,24)+6*7+3) | J14: =COUNTIFS('02_SWEA_통합_코딩테스트_DB'!$F$4:$F$1260, DATE(2026,8,24)+7*7+3, '02_SWEA_통합_코딩테스트_DB'!$J$4:$J$1260, "<>보류*") + COUNTIFS('02_SWEA_통합_코딩테스트_DB'!$G$4:$G$1260, DATE(2026,8,24)+7*7+3, '02_SWEA_통합_코딩테스트_DB'!$J$4:$J$1260, "<>보류*") + COUNTIFS('02_SWEA_통합_코딩테스트_DB'!$H$4:$H$1260, DATE(2026,8,24)+7*7+3, '02_SWEA_통합_코딩테스트_DB'!$J$4:$J$1260, "<>보류*") + COUNTIFS('02_SWEA_통합_코딩테스트_DB'!$I$4:$I$1260, DATE(2026,8,24)+7*7+3, '02_SWEA_통합_코딩테스트_DB'!$J$4:$J$1260, "<>보류*") + COUNTIF('03_보안기사_필기_DB'!$I$4:$M$100, DATE(2026,8,24)+7*7+3) + COUNTIF('04_보안기사_실기_DB'!$G$4:$I$30, DATE(2026,8,24)+7*7+3) + COUNTIF('08_빅분기_필기_DB'!$I$4:$K$34, DATE(2026,8,24)+7*7+3) + COUNTIF('09_빅분기_실기_DB'!$H$4:$I$25, DATE(2026,8,24)+7*7+3) | K14: =COUNTIFS('02_SWEA_통합_코딩테스트_DB'!$F$4:$F$1260, DATE(2026,8,24)+8*7+3, '02_SWEA_통합_코딩테스트_DB'!$J$4:$J$1260, "<>보류*") + COUNTIFS('02_SWEA_통합_코딩테스트_DB'!$G$4:$G$1260, DATE(2026,8,24)+8*7+3, '02_SWEA_통합_코딩테스트_DB'!$J$4:$J$1260, "<>보류*") + COUNTIFS('02_SWEA_통합_코딩테스트_DB'!$H$4:$H$1260, DATE(2026,8,24)+8*7+3, '02_SWEA_통합_코딩테스트_DB'!$J$4:$J$1260, "<>보류*") + COUNTIFS('02_SWEA_통합_코딩테스트_DB'!$I$4:$I$1260, DATE(2026,8,24)+8*7+3, '02_SWEA_통합_코딩테스트_DB'!$J$4:$J$1260, "<>보류*") + COUNTIF('03_보안기사_필기_DB'!$I$4:$M$100, DATE(2026,8,24)+8*7+3) + COUNTIF('04_보안기사_실기_DB'!$G$4:$I$30, DATE(2026,8,24)+8*7+3) + COUNTIF('08_빅분기_필기_DB'!$I$4:$K$34, DATE(2026,8,24)+8*7+3) + COUNTIF('09_빅분기_실기_DB'!$H$4:$I$25, DATE(2026,8,24)+8*7+3) | L14: =COUNTIFS('02_SWEA_통합_코딩테스트_DB'!$F$4:$F$1260, DATE(2026,8,24)+9*7+3, '02_SWEA_통합_코딩테스트_DB'!$J$4:$J$1260, "<>보류*") + COUNTIFS('02_SWEA_통합_코딩테스트_DB'!$G$4:$G$1260, DATE(2026,8,24)+9*7+3, '02_SWEA_통합_코딩테스트_DB'!$J$4:$J$1260, "<>보류*") + COUNTIFS('02_SWEA_통합_코딩테스트_DB'!$H$4:$H$1260, DATE(2026,8,24)+9*7+3, '02_SWEA_통합_코딩테스트_DB'!$J$4:$J$1260, "<>보류*") + COUNTIFS('02_SWEA_통합_코딩테스트_DB'!$I$4:$I$1260, DATE(2026,8,24)+9*7+3, '02_SWEA_통합_코딩테스트_DB'!$J$4:$J$1260, "<>보류*") + COUNTIF('03_보안기사_필기_DB'!$I$4:$M$100, DATE(2026,8,24)+9*7+3) + COUNTIF('04_보안기사_실기_DB'!$G$4:$I$30, DATE(2026,8,24)+9*7+3) + COUNTIF('08_빅분기_필기_DB'!$I$4:$K$34, DATE(2026,8,24)+9*7+3) + COUNTIF('09_빅분기_실기_DB'!$H$4:$I$25, DATE(2026,8,24)+9*7+3) | M14: =COUNTIFS('02_SWEA_통합_코딩테스트_DB'!$F$4:$F$1260, DATE(2026,8,24)+10*7+3, '02_SWEA_통합_코딩테스트_DB'!$J$4:$J$1260, "<>보류*") + COUNTIFS('02_SWEA_통합_코딩테스트_DB'!$G$4:$G$1260, DATE(2026,8,24)+10*7+3, '02_SWEA_통합_코딩테스트_DB'!$J$4:$J$1260, "<>보류*") + COUNTIFS('02_SWEA_통합_코딩테스트_DB'!$H$4:$H$1260, DATE(2026,8,24)+10*7+3, '02_SWEA_통합_코딩테스트_DB'!$J$4:$J$1260, "<>보류*") + COUNTIFS('02_SWEA_통합_코딩테스트_DB'!$I$4:$I$1260, DATE(2026,8,24)+10*7+3, '02_SWEA_통합_코딩테스트_DB'!$J$4:$J$1260, "<>보류*") + COUNTIF('03_보안기사_필기_DB'!$I$4:$M$100, DATE(2026,8,24)+10*7+3) + COUNTIF('04_보안기사_실기_DB'!$G$4:$I$30, DATE(2026,8,24)+10*7+3) + COUNTIF('08_빅분기_필기_DB'!$I$4:$K$34, DATE(2026,8,24)+10*7+3) + COUNTIF('09_빅분기_실기_DB'!$H$4:$I$25, DATE(2026,8,24)+10*7+3) | N14: =COUNTIFS('02_SWEA_통합_코딩테스트_DB'!$F$4:$F$1260, DATE(2026,8,24)+11*7+3, '02_SWEA_통합_코딩테스트_DB'!$J$4:$J$1260, "<>보류*") + COUNTIFS('02_SWEA_통합_코딩테스트_DB'!$G$4:$G$1260, DATE(2026,8,24)+11*7+3, '02_SWEA_통합_코딩테스트_DB'!$J$4:$J$1260, "<>보류*") + COUNTIFS('02_SWEA_통합_코딩테스트_DB'!$H$4:$H$1260, DATE(2026,8,24)+11*7+3, '02_SWEA_통합_코딩테스트_DB'!$J$4:$J$1260, "<>보류*") + COUNTIFS('02_SWEA_통합_코딩테스트_DB'!$I$4:$I$1260, DATE(2026,8,24)+11*7+3, '02_SWEA_통합_코딩테스트_DB'!$J$4:$J$1260, "<>보류*") + COUNTIF('03_보안기사_필기_DB'!$I$4:$M$100, DATE(2026,8,24)+11*7+3) + COUNTIF('04_보안기사_실기_DB'!$G$4:$I$30, DATE(2026,8,24)+11*7+3) + COUNTIF('08_빅분기_필기_DB'!$I$4:$K$34, DATE(2026,8,24)+11*7+3) + COUNTIF('09_빅분기_실기_DB'!$H$4:$I$25, DATE(2026,8,24)+11*7+3) | O14: =COUNTIFS('02_SWEA_통합_코딩테스트_DB'!$F$4:$F$1260, DATE(2026,8,24)+12*7+3, '02_SWEA_통합_코딩테스트_DB'!$J$4:$J$1260, "<>보류*") + COUNTIFS('02_SWEA_통합_코딩테스트_DB'!$G$4:$G$1260, DATE(2026,8,24)+12*7+3, '02_SWEA_통합_코딩테스트_DB'!$J$4:$J$1260, "<>보류*") + COUNTIFS('02_SWEA_통합_코딩테스트_DB'!$H$4:$H$1260, DATE(2026,8,24)+12*7+3, '02_SWEA_통합_코딩테스트_DB'!$J$4:$J$1260, "<>보류*") + COUNTIFS('02_SWEA_통합_코딩테스트_DB'!$I$4:$I$1260, DATE(2026,8,24)+12*7+3, '02_SWEA_통합_코딩테스트_DB'!$J$4:$J$1260, "<>보류*") + COUNTIF('03_보안기사_필기_DB'!$I$4:$M$100, DATE(2026,8,24)+12*7+3) + COUNTIF('04_보안기사_실기_DB'!$G$4:$I$30, DATE(2026,8,24)+12*7+3) + COUNTIF('08_빅분기_필기_DB'!$I$4:$K$34, DATE(2026,8,24)+12*7+3) + COUNTIF('09_빅분기_실기_DB'!$H$4:$I$25, DATE(2026,8,24)+12*7+3) | P14: =COUNTIFS('02_SWEA_통합_코딩테스트_DB'!$F$4:$F$1260, DATE(2026,8,24)+13*7+3, '02_SWEA_통합_코딩테스트_DB'!$J$4:$J$1260, "<>보류*") + COUNTIFS('02_SWEA_통합_코딩테스트_DB'!$G$4:$G$1260, DATE(2026,8,24)+13*7+3, '02_SWEA_통합_코딩테스트_DB'!$J$4:$J$1260, "<>보류*") + COUNTIFS('02_SWEA_통합_코딩테스트_DB'!$H$4:$H$1260, DATE(2026,8,24)+13*7+3, '02_SWEA_통합_코딩테스트_DB'!$J$4:$J$1260, "<>보류*") + COUNTIFS('02_SWEA_통합_코딩테스트_DB'!$I$4:$I$1260, DATE(2026,8,24)+13*7+3, '02_SWEA_통합_코딩테스트_DB'!$J$4:$J$1260, "<>보류*") + COUNTIF('03_보안기사_필기_DB'!$I$4:$M$100, DATE(2026,8,24)+13*7+3) + COUNTIF('04_보안기사_실기_DB'!$G$4:$I$30, DATE(2026,8,24)+13*7+3) + COUNTIF('08_빅분기_필기_DB'!$I$4:$K$34, DATE(2026,8,24)+13*7+3) + COUNTIF('09_빅분기_실기_DB'!$H$4:$I$25, DATE(2026,8,24)+13*7+3) | Q14: =COUNTIFS('02_SWEA_통합_코딩테스트_DB'!$F$4:$F$1260, DATE(2026,8,24)+14*7+3, '02_SWEA_통합_코딩테스트_DB'!$J$4:$J$1260, "<>보류*") + COUNTIFS('02_SWEA_통합_코딩테스트_DB'!$G$4:$G$1260, DATE(2026,8,24)+14*7+3, '02_SWEA_통합_코딩테스트_DB'!$J$4:$J$1260, "<>보류*") + COUNTIFS('02_SWEA_통합_코딩테스트_DB'!$H$4:$H$1260, DATE(2026,8,24)+14*7+3, '02_SWEA_통합_코딩테스트_DB'!$J$4:$J$1260, "<>보류*") + COUNTIFS('02_SWEA_통합_코딩테스트_DB'!$I$4:$I$1260, DATE(2026,8,24)+14*7+3, '02_SWEA_통합_코딩테스트_DB'!$J$4:$J$1260, "<>보류*") + COUNTIF('03_보안기사_필기_DB'!$I$4:$M$100, DATE(2026,8,24)+14*7+3) + COUNTIF('04_보안기사_실기_DB'!$G$4:$I$30, DATE(2026,8,24)+14*7+3) + COUNTIF('08_빅분기_필기_DB'!$I$4:$K$34, DATE(2026,8,24)+14*7+3) + COUNTIF('09_빅분기_실기_DB'!$H$4:$I$25, DATE(2026,8,24)+14*7+3) | R14: =COUNTIFS('02_SWEA_통합_코딩테스트_DB'!$F$4:$F$1260, DATE(2026,8,24)+15*7+3, '02_SWEA_통합_코딩테스트_DB'!$J$4:$J$1260, "<>보류*") + COUNTIFS('02_SWEA_통합_코딩테스트_DB'!$G$4:$G$1260, DATE(2026,8,24)+15*7+3, '02_SWEA_통합_코딩테스트_DB'!$J$4:$J$1260, "<>보류*") + COUNTIFS('02_SWEA_통합_코딩테스트_DB'!$H$4:$H$1260, DATE(2026,8,24)+15*7+3, '02_SWEA_통합_코딩테스트_DB'!$J$4:$J$1260, "<>보류*") + COUNTIFS('02_SWEA_통합_코딩테스트_DB'!$I$4:$I$1260, DATE(2026,8,24)+15*7+3, '02_SWEA_통합_코딩테스트_DB'!$J$4:$J$1260, "<>보류*") + COUNTIF('03_보안기사_필기_DB'!$I$4:$M$100, DATE(2026,8,24)+15*7+3) + COUNTIF('04_보안기사_실기_DB'!$G$4:$I$30, DATE(2026,8,24)+15*7+3) + COUNTIF('08_빅분기_필기_DB'!$I$4:$K$34, DATE(2026,8,24)+15*7+3) + COUNTIF('09_빅분기_실기_DB'!$H$4:$I$25, DATE(2026,8,24)+15*7+3) | S14: =COUNTIFS('02_SWEA_통합_코딩테스트_DB'!$F$4:$F$1260, DATE(2026,8,24)+16*7+3, '02_SWEA_통합_코딩테스트_DB'!$J$4:$J$1260, "<>보류*") + COUNTIFS('02_SWEA_통합_코딩테스트_DB'!$G$4:$G$1260, DATE(2026,8,24)+16*7+3, '02_SWEA_통합_코딩테스트_DB'!$J$4:$J$1260, "<>보류*") + COUNTIFS('02_SWEA_통합_코딩테스트_DB'!$H$4:$H$1260, DATE(2026,8,24)+16*7+3, '02_SWEA_통합_코딩테스트_DB'!$J$4:$J$1260, "<>보류*") + COUNTIFS('02_SWEA_통합_코딩테스트_DB'!$I$4:$I$1260, DATE(2026,8,24)+16*7+3, '02_SWEA_통합_코딩테스트_DB'!$J$4:$J$1260, "<>보류*") + COUNTIF('03_보안기사_필기_DB'!$I$4:$M$100, DATE(2026,8,24)+16*7+3) + COUNTIF('04_보안기사_실기_DB'!$G$4:$I$30, DATE(2026,8,24)+16*7+3) + COUNTIF('08_빅분기_필기_DB'!$I$4:$K$34, DATE(2026,8,24)+16*7+3) + COUNTIF('09_빅분기_실기_DB'!$H$4:$I$25, DATE(2026,8,24)+16*7+3) | T14: =COUNTIFS('02_SWEA_통합_코딩테스트_DB'!$F$4:$F$1260, DATE(2026,8,24)+17*7+3, '02_SWEA_통합_코딩테스트_DB'!$J$4:$J$1260, "<>보류*") + COUNTIFS('02_SWEA_통합_코딩테스트_DB'!$G$4:$G$1260, DATE(2026,8,24)+17*7+3, '02_SWEA_통합_코딩테스트_DB'!$J$4:$J$1260, "<>보류*") + COUNTIFS('02_SWEA_통합_코딩테스트_DB'!$H$4:$H$1260, DATE(2026,8,24)+17*7+3, '02_SWEA_통합_코딩테스트_DB'!$J$4:$J$1260, "<>보류*") + COUNTIFS('02_SWEA_통합_코딩테스트_DB'!$I$4:$I$1260, DATE(2026,8,24)+17*7+3, '02_SWEA_통합_코딩테스트_DB'!$J$4:$J$1260, "<>보류*") + COUNTIF('03_보안기사_필기_DB'!$I$4:$M$100, DATE(2026,8,24)+17*7+3) + COUNTIF('04_보안기사_실기_DB'!$G$4:$I$30, DATE(2026,8,24)+17*7+3) + COUNTIF('08_빅분기_필기_DB'!$I$4:$K$34, DATE(2026,8,24)+17*7+3) + COUNTIF('09_빅분기_실기_DB'!$H$4:$I$25, DATE(2026,8,24)+17*7+3) | U14: =COUNTIFS('02_SWEA_통합_코딩테스트_DB'!$F$4:$F$1260, DATE(2026,8,24)+18*7+3, '02_SWEA_통합_코딩테스트_DB'!$J$4:$J$1260, "<>보류*") + COUNTIFS('02_SWEA_통합_코딩테스트_DB'!$G$4:$G$1260, DATE(2026,8,24)+18*7+3, '02_SWEA_통합_코딩테스트_DB'!$J$4:$J$1260, "<>보류*") + COUNTIFS('02_SWEA_통합_코딩테스트_DB'!$H$4:$H$1260, DATE(2026,8,24)+18*7+3, '02_SWEA_통합_코딩테스트_DB'!$J$4:$J$1260, "<>보류*") + COUNTIFS('02_SWEA_통합_코딩테스트_DB'!$I$4:$I$1260, DATE(2026,8,24)+18*7+3, '02_SWEA_통합_코딩테스트_DB'!$J$4:$J$1260, "<>보류*") + COUNTIF('03_보안기사_필기_DB'!$I$4:$M$100, DATE(2026,8,24)+18*7+3) + COUNTIF('04_보안기사_실기_DB'!$G$4:$I$30, DATE(2026,8,24)+18*7+3) + COUNTIF('08_빅분기_필기_DB'!$I$4:$K$34, DATE(2026,8,24)+18*7+3) + COUNTIF('09_빅분기_실기_DB'!$H$4:$I$25, DATE(2026,8,24)+18*7+3) | V14: =COUNTIFS('02_SWEA_통합_코딩테스트_DB'!$F$4:$F$1260, DATE(2026,8,24)+19*7+3, '02_SWEA_통합_코딩테스트_DB'!$J$4:$J$1260, "<>보류*") + COUNTIFS('02_SWEA_통합_코딩테스트_DB'!$G$4:$G$1260, DATE(2026,8,24)+19*7+3, '02_SWEA_통합_코딩테스트_DB'!$J$4:$J$1260, "<>보류*") + COUNTIFS('02_SWEA_통합_코딩테스트_DB'!$H$4:$H$1260, DATE(2026,8,24)+19*7+3, '02_SWEA_통합_코딩테스트_DB'!$J$4:$J$1260, "<>보류*") + COUNTIFS('02_SWEA_통합_코딩테스트_DB'!$I$4:$I$1260, DATE(2026,8,24)+19*7+3, '02_SWEA_통합_코딩테스트_DB'!$J$4:$J$1260, "<>보류*") + COUNTIF('03_보안기사_필기_DB'!$I$4:$M$100, DATE(2026,8,24)+19*7+3) + COUNTIF('04_보안기사_실기_DB'!$G$4:$I$30, DATE(2026,8,24)+19*7+3) + COUNTIF('08_빅분기_필기_DB'!$I$4:$K$34, DATE(2026,8,24)+19*7+3) + COUNTIF('09_빅분기_실기_DB'!$H$4:$I$25, DATE(2026,8,24)+19*7+3) | W14: =COUNTIFS('02_SWEA_통합_코딩테스트_DB'!$F$4:$F$1260, DATE(2026,8,24)+20*7+3, '02_SWEA_통합_코딩테스트_DB'!$J$4:$J$1260, "<>보류*") + COUNTIFS('02_SWEA_통합_코딩테스트_DB'!$G$4:$G$1260, DATE(2026,8,24)+20*7+3, '02_SWEA_통합_코딩테스트_DB'!$J$4:$J$1260, "<>보류*") + COUNTIFS('02_SWEA_통합_코딩테스트_DB'!$H$4:$H$1260, DATE(2026,8,24)+20*7+3, '02_SWEA_통합_코딩테스트_DB'!$J$4:$J$1260, "<>보류*") + COUNTIFS('02_SWEA_통합_코딩테스트_DB'!$I$4:$I$1260, DATE(2026,8,24)+20*7+3, '02_SWEA_통합_코딩테스트_DB'!$J$4:$J$1260, "<>보류*") + COUNTIF('03_보안기사_필기_DB'!$I$4:$M$100, DATE(2026,8,24)+20*7+3) + COUNTIF('04_보안기사_실기_DB'!$G$4:$I$30, DATE(2026,8,24)+20*7+3) + COUNTIF('08_빅분기_필기_DB'!$I$4:$K$34, DATE(2026,8,24)+20*7+3) + COUNTIF('09_빅분기_실기_DB'!$H$4:$I$25, DATE(2026,8,24)+20*7+3) | X14: =COUNTIFS('02_SWEA_통합_코딩테스트_DB'!$F$4:$F$1260, DATE(2026,8,24)+21*7+3, '02_SWEA_통합_코딩테스트_DB'!$J$4:$J$1260, "<>보류*") + COUNTIFS('02_SWEA_통합_코딩테스트_DB'!$G$4:$G$1260, DATE(2026,8,24)+21*7+3, '02_SWEA_통합_코딩테스트_DB'!$J$4:$J$1260, "<>보류*") + COUNTIFS('02_SWEA_통합_코딩테스트_DB'!$H$4:$H$1260, DATE(2026,8,24)+21*7+3, '02_SWEA_통합_코딩테스트_DB'!$J$4:$J$1260, "<>보류*") + COUNTIFS('02_SWEA_통합_코딩테스트_DB'!$I$4:$I$1260, DATE(2026,8,24)+21*7+3, '02_SWEA_통합_코딩테스트_DB'!$J$4:$J$1260, "<>보류*") + COUNTIF('03_보안기사_필기_DB'!$I$4:$M$100, DATE(2026,8,24)+21*7+3) + COUNTIF('04_보안기사_실기_DB'!$G$4:$I$30, DATE(2026,8,24)+21*7+3) + COUNTIF('08_빅분기_필기_DB'!$I$4:$K$34, DATE(2026,8,24)+21*7+3) + COUNTIF('09_빅분기_실기_DB'!$H$4:$I$25, DATE(2026,8,24)+21*7+3) | Y14: =COUNTIFS('02_SWEA_통합_코딩테스트_DB'!$F$4:$F$1260, DATE(2026,8,24)+22*7+3, '02_SWEA_통합_코딩테스트_DB'!$J$4:$J$1260, "<>보류*") + COUNTIFS('02_SWEA_통합_코딩테스트_DB'!$G$4:$G$1260, DATE(2026,8,24)+22*7+3, '02_SWEA_통합_코딩테스트_DB'!$J$4:$J$1260, "<>보류*") + COUNTIFS('02_SWEA_통합_코딩테스트_DB'!$H$4:$H$1260, DATE(2026,8,24)+22*7+3, '02_SWEA_통합_코딩테스트_DB'!$J$4:$J$1260, "<>보류*") + COUNTIFS('02_SWEA_통합_코딩테스트_DB'!$I$4:$I$1260, DATE(2026,8,24)+22*7+3, '02_SWEA_통합_코딩테스트_DB'!$J$4:$J$1260, "<>보류*") + COUNTIF('03_보안기사_필기_DB'!$I$4:$M$100, DATE(2026,8,24)+22*7+3) + COUNTIF('04_보안기사_실기_DB'!$G$4:$I$30, DATE(2026,8,24)+22*7+3) + COUNTIF('08_빅분기_필기_DB'!$I$4:$K$34, DATE(2026,8,24)+22*7+3) + COUNTIF('09_빅분기_실기_DB'!$H$4:$I$25, DATE(2026,8,24)+22*7+3) | Z14: =COUNTIFS('02_SWEA_통합_코딩테스트_DB'!$F$4:$F$1260, DATE(2026,8,24)+23*7+3, '02_SWEA_통합_코딩테스트_DB'!$J$4:$J$1260, "<>보류*") + COUNTIFS('02_SWEA_통합_코딩테스트_DB'!$G$4:$G$1260, DATE(2026,8,24)+23*7+3, '02_SWEA_통합_코딩테스트_DB'!$J$4:$J$1260, "<>보류*") + COUNTIFS('02_SWEA_통합_코딩테스트_DB'!$H$4:$H$1260, DATE(2026,8,24)+23*7+3, '02_SWEA_통합_코딩테스트_DB'!$J$4:$J$1260, "<>보류*") + COUNTIFS('02_SWEA_통합_코딩테스트_DB'!$I$4:$I$1260, DATE(2026,8,24)+23*7+3, '02_SWEA_통합_코딩테스트_DB'!$J$4:$J$1260, "<>보류*") + COUNTIF('03_보안기사_필기_DB'!$I$4:$M$100, DATE(2026,8,24)+23*7+3) + COUNTIF('04_보안기사_실기_DB'!$G$4:$I$30, DATE(2026,8,24)+23*7+3) + COUNTIF('08_빅분기_필기_DB'!$I$4:$K$34, DATE(2026,8,24)+23*7+3) + COUNTIF('09_빅분기_실기_DB'!$H$4:$I$25, DATE(2026,8,24)+23*7+3) | AA14: =COUNTIFS('02_SWEA_통합_코딩테스트_DB'!$F$4:$F$1260, DATE(2026,8,24)+24*7+3, '02_SWEA_통합_코딩테스트_DB'!$J$4:$J$1260, "<>보류*") + COUNTIFS('02_SWEA_통합_코딩테스트_DB'!$G$4:$G$1260, DATE(2026,8,24)+24*7+3, '02_SWEA_통합_코딩테스트_DB'!$J$4:$J$1260, "<>보류*") + COUNTIFS('02_SWEA_통합_코딩테스트_DB'!$H$4:$H$1260, DATE(2026,8,24)+24*7+3, '02_SWEA_통합_코딩테스트_DB'!$J$4:$J$1260, "<>보류*") + COUNTIFS('02_SWEA_통합_코딩테스트_DB'!$I$4:$I$1260, DATE(2026,8,24)+24*7+3, '02_SWEA_통합_코딩테스트_DB'!$J$4:$J$1260, "<>보류*") + COUNTIF('03_보안기사_필기_DB'!$I$4:$M$100, DATE(2026,8,24)+24*7+3) + COUNTIF('04_보안기사_실기_DB'!$G$4:$I$30, DATE(2026,8,24)+24*7+3) + COUNTIF('08_빅분기_필기_DB'!$I$4:$K$34, DATE(2026,8,24)+24*7+3) + COUNTIF('09_빅분기_실기_DB'!$H$4:$I$25, DATE(2026,8,24)+24*7+3) | AB14: =COUNTIFS('02_SWEA_통합_코딩테스트_DB'!$F$4:$F$1260, DATE(2026,8,24)+25*7+3, '02_SWEA_통합_코딩테스트_DB'!$J$4:$J$1260, "<>보류*") + COUNTIFS('02_SWEA_통합_코딩테스트_DB'!$G$4:$G$1260, DATE(2026,8,24)+25*7+3, '02_SWEA_통합_코딩테스트_DB'!$J$4:$J$1260, "<>보류*") + COUNTIFS('02_SWEA_통합_코딩테스트_DB'!$H$4:$H$1260, DATE(2026,8,24)+25*7+3, '02_SWEA_통합_코딩테스트_DB'!$J$4:$J$1260, "<>보류*") + COUNTIFS('02_SWEA_통합_코딩테스트_DB'!$I$4:$I$1260, DATE(2026,8,24)+25*7+3, '02_SWEA_통합_코딩테스트_DB'!$J$4:$J$1260, "<>보류*") + COUNTIF('03_보안기사_필기_DB'!$I$4:$M$100, DATE(2026,8,24)+25*7+3) + COUNTIF('04_보안기사_실기_DB'!$G$4:$I$30, DATE(2026,8,24)+25*7+3) + COUNTIF('08_빅분기_필기_DB'!$I$4:$K$34, DATE(2026,8,24)+25*7+3) + COUNTIF('09_빅분기_실기_DB'!$H$4:$I$25, DATE(2026,8,24)+25*7+3) | AC14: =COUNTIFS('02_SWEA_통합_코딩테스트_DB'!$F$4:$F$1260, DATE(2026,8,24)+26*7+3, '02_SWEA_통합_코딩테스트_DB'!$J$4:$J$1260, "<>보류*") + COUNTIFS('02_SWEA_통합_코딩테스트_DB'!$G$4:$G$1260, DATE(2026,8,24)+26*7+3, '02_SWEA_통합_코딩테스트_DB'!$J$4:$J$1260, "<>보류*") + COUNTIFS('02_SWEA_통합_코딩테스트_DB'!$H$4:$H$1260, DATE(2026,8,24)+26*7+3, '02_SWEA_통합_코딩테스트_DB'!$J$4:$J$1260, "<>보류*") + COUNTIFS('02_SWEA_통합_코딩테스트_DB'!$I$4:$I$1260, DATE(2026,8,24)+26*7+3, '02_SWEA_통합_코딩테스트_DB'!$J$4:$J$1260, "<>보류*") + COUNTIF('03_보안기사_필기_DB'!$I$4:$M$100, DATE(2026,8,24)+26*7+3) + COUNTIF('04_보안기사_실기_DB'!$G$4:$I$30, DATE(2026,8,24)+26*7+3) + COUNTIF('08_빅분기_필기_DB'!$I$4:$K$34, DATE(2026,8,24)+26*7+3) + COUNTIF('09_빅분기_실기_DB'!$H$4:$I$25, DATE(2026,8,24)+26*7+3) | AD14: =COUNTIFS('02_SWEA_통합_코딩테스트_DB'!$F$4:$F$1260, DATE(2026,8,24)+27*7+3, '02_SWEA_통합_코딩테스트_DB'!$J$4:$J$1260, "<>보류*") + COUNTIFS('02_SWEA_통합_코딩테스트_DB'!$G$4:$G$1260, DATE(2026,8,24)+27*7+3, '02_SWEA_통합_코딩테스트_DB'!$J$4:$J$1260, "<>보류*") + COUNTIFS('02_SWEA_통합_코딩테스트_DB'!$H$4:$H$1260, DATE(2026,8,24)+27*7+3, '02_SWEA_통합_코딩테스트_DB'!$J$4:$J$1260, "<>보류*") + COUNTIFS('02_SWEA_통합_코딩테스트_DB'!$I$4:$I$1260, DATE(2026,8,24)+27*7+3, '02_SWEA_통합_코딩테스트_DB'!$J$4:$J$1260, "<>보류*") + COUNTIF('03_보안기사_필기_DB'!$I$4:$M$100, DATE(2026,8,24)+27*7+3) + COUNTIF('04_보안기사_실기_DB'!$G$4:$I$30, DATE(2026,8,24)+27*7+3) + COUNTIF('08_빅분기_필기_DB'!$I$4:$K$34, DATE(2026,8,24)+27*7+3) + COUNTIF('09_빅분기_실기_DB'!$H$4:$I$25, DATE(2026,8,24)+27*7+3) | AE14: =COUNTIFS('02_SWEA_통합_코딩테스트_DB'!$F$4:$F$1260, DATE(2026,8,24)+28*7+3, '02_SWEA_통합_코딩테스트_DB'!$J$4:$J$1260, "<>보류*") + COUNTIFS('02_SWEA_통합_코딩테스트_DB'!$G$4:$G$1260, DATE(2026,8,24)+28*7+3, '02_SWEA_통합_코딩테스트_DB'!$J$4:$J$1260, "<>보류*") + COUNTIFS('02_SWEA_통합_코딩테스트_DB'!$H$4:$H$1260, DATE(2026,8,24)+28*7+3, '02_SWEA_통합_코딩테스트_DB'!$J$4:$J$1260, "<>보류*") + COUNTIFS('02_SWEA_통합_코딩테스트_DB'!$I$4:$I$1260, DATE(2026,8,24)+28*7+3, '02_SWEA_통합_코딩테스트_DB'!$J$4:$J$1260, "<>보류*") + COUNTIF('03_보안기사_필기_DB'!$I$4:$M$100, DATE(2026,8,24)+28*7+3) + COUNTIF('04_보안기사_실기_DB'!$G$4:$I$30, DATE(2026,8,24)+28*7+3) + COUNTIF('08_빅분기_필기_DB'!$I$4:$K$34, DATE(2026,8,24)+28*7+3) + COUNTIF('09_빅분기_실기_DB'!$H$4:$I$25, DATE(2026,8,24)+28*7+3) | AF14: =COUNTIFS('02_SWEA_통합_코딩테스트_DB'!$F$4:$F$1260, DATE(2026,8,24)+29*7+3, '02_SWEA_통합_코딩테스트_DB'!$J$4:$J$1260, "<>보류*") + COUNTIFS('02_SWEA_통합_코딩테스트_DB'!$G$4:$G$1260, DATE(2026,8,24)+29*7+3, '02_SWEA_통합_코딩테스트_DB'!$J$4:$J$1260, "<>보류*") + COUNTIFS('02_SWEA_통합_코딩테스트_DB'!$H$4:$H$1260, DATE(2026,8,24)+29*7+3, '02_SWEA_통합_코딩테스트_DB'!$J$4:$J$1260, "<>보류*") + COUNTIFS('02_SWEA_통합_코딩테스트_DB'!$I$4:$I$1260, DATE(2026,8,24)+29*7+3, '02_SWEA_통합_코딩테스트_DB'!$J$4:$J$1260, "<>보류*") + COUNTIF('03_보안기사_필기_DB'!$I$4:$M$100, DATE(2026,8,24)+29*7+3) + COUNTIF('04_보안기사_실기_DB'!$G$4:$I$30, DATE(2026,8,24)+29*7+3) + COUNTIF('08_빅분기_필기_DB'!$I$4:$K$34, DATE(2026,8,24)+29*7+3) + COUNTIF('09_빅분기_실기_DB'!$H$4:$I$25, DATE(2026,8,24)+29*7+3) | AG14: =COUNTIFS('02_SWEA_통합_코딩테스트_DB'!$F$4:$F$1260, DATE(2026,8,24)+30*7+3, '02_SWEA_통합_코딩테스트_DB'!$J$4:$J$1260, "<>보류*") + COUNTIFS('02_SWEA_통합_코딩테스트_DB'!$G$4:$G$1260, DATE(2026,8,24)+30*7+3, '02_SWEA_통합_코딩테스트_DB'!$J$4:$J$1260, "<>보류*") + COUNTIFS('02_SWEA_통합_코딩테스트_DB'!$H$4:$H$1260, DATE(2026,8,24)+30*7+3, '02_SWEA_통합_코딩테스트_DB'!$J$4:$J$1260, "<>보류*") + COUNTIFS('02_SWEA_통합_코딩테스트_DB'!$I$4:$I$1260, DATE(2026,8,24)+30*7+3, '02_SWEA_통합_코딩테스트_DB'!$J$4:$J$1260, "<>보류*") + COUNTIF('03_보안기사_필기_DB'!$I$4:$M$100, DATE(2026,8,24)+30*7+3) + COUNTIF('04_보안기사_실기_DB'!$G$4:$I$30, DATE(2026,8,24)+30*7+3) + COUNTIF('08_빅분기_필기_DB'!$I$4:$K$34, DATE(2026,8,24)+30*7+3) + COUNTIF('09_빅분기_실기_DB'!$H$4:$I$25, DATE(2026,8,24)+30*7+3) | AH14: =COUNTIFS('02_SWEA_통합_코딩테스트_DB'!$F$4:$F$1260, DATE(2026,8,24)+31*7+3, '02_SWEA_통합_코딩테스트_DB'!$J$4:$J$1260, "<>보류*") + COUNTIFS('02_SWEA_통합_코딩테스트_DB'!$G$4:$G$1260, DATE(2026,8,24)+31*7+3, '02_SWEA_통합_코딩테스트_DB'!$J$4:$J$1260, "<>보류*") + COUNTIFS('02_SWEA_통합_코딩테스트_DB'!$H$4:$H$1260, DATE(2026,8,24)+31*7+3, '02_SWEA_통합_코딩테스트_DB'!$J$4:$J$1260, "<>보류*") + COUNTIFS('02_SWEA_통합_코딩테스트_DB'!$I$4:$I$1260, DATE(2026,8,24)+31*7+3, '02_SWEA_통합_코딩테스트_DB'!$J$4:$J$1260, "<>보류*") + COUNTIF('03_보안기사_필기_DB'!$I$4:$M$100, DATE(2026,8,24)+31*7+3) + COUNTIF('04_보안기사_실기_DB'!$G$4:$I$30, DATE(2026,8,24)+31*7+3) + COUNTIF('08_빅분기_필기_DB'!$I$4:$K$34, DATE(2026,8,24)+31*7+3) + COUNTIF('09_빅분기_실기_DB'!$H$4:$I$25, DATE(2026,8,24)+31*7+3) | AI14: =COUNTIFS('02_SWEA_통합_코딩테스트_DB'!$F$4:$F$1260, DATE(2026,8,24)+32*7+3, '02_SWEA_통합_코딩테스트_DB'!$J$4:$J$1260, "<>보류*") + COUNTIFS('02_SWEA_통합_코딩테스트_DB'!$G$4:$G$1260, DATE(2026,8,24)+32*7+3, '02_SWEA_통합_코딩테스트_DB'!$J$4:$J$1260, "<>보류*") + COUNTIFS('02_SWEA_통합_코딩테스트_DB'!$H$4:$H$1260, DATE(2026,8,24)+32*7+3, '02_SWEA_통합_코딩테스트_DB'!$J$4:$J$1260, "<>보류*") + COUNTIFS('02_SWEA_통합_코딩테스트_DB'!$I$4:$I$1260, DATE(2026,8,24)+32*7+3, '02_SWEA_통합_코딩테스트_DB'!$J$4:$J$1260, "<>보류*") + COUNTIF('03_보안기사_필기_DB'!$I$4:$M$100, DATE(2026,8,24)+32*7+3) + COUNTIF('04_보안기사_실기_DB'!$G$4:$I$30, DATE(2026,8,24)+32*7+3) + COUNTIF('08_빅분기_필기_DB'!$I$4:$K$34, DATE(2026,8,24)+32*7+3) + COUNTIF('09_빅분기_실기_DB'!$H$4:$I$25, DATE(2026,8,24)+32*7+3) | AJ14: =COUNTIFS('02_SWEA_통합_코딩테스트_DB'!$F$4:$F$1260, DATE(2026,8,24)+33*7+3, '02_SWEA_통합_코딩테스트_DB'!$J$4:$J$1260, "<>보류*") + COUNTIFS('02_SWEA_통합_코딩테스트_DB'!$G$4:$G$1260, DATE(2026,8,24)+33*7+3, '02_SWEA_통합_코딩테스트_DB'!$J$4:$J$1260, "<>보류*") + COUNTIFS('02_SWEA_통합_코딩테스트_DB'!$H$4:$H$1260, DATE(2026,8,24)+33*7+3, '02_SWEA_통합_코딩테스트_DB'!$J$4:$J$1260, "<>보류*") + COUNTIFS('02_SWEA_통합_코딩테스트_DB'!$I$4:$I$1260, DATE(2026,8,24)+33*7+3, '02_SWEA_통합_코딩테스트_DB'!$J$4:$J$1260, "<>보류*") + COUNTIF('03_보안기사_필기_DB'!$I$4:$M$100, DATE(2026,8,24)+33*7+3) + COUNTIF('04_보안기사_실기_DB'!$G$4:$I$30, DATE(2026,8,24)+33*7+3) + COUNTIF('08_빅분기_필기_DB'!$I$4:$K$34, DATE(2026,8,24)+33*7+3) + COUNTIF('09_빅분기_실기_DB'!$H$4:$I$25, DATE(2026,8,24)+33*7+3) | AK14: =COUNTIFS('02_SWEA_통합_코딩테스트_DB'!$F$4:$F$1260, DATE(2026,8,24)+34*7+3, '02_SWEA_통합_코딩테스트_DB'!$J$4:$J$1260, "<>보류*") + COUNTIFS('02_SWEA_통합_코딩테스트_DB'!$G$4:$G$1260, DATE(2026,8,24)+34*7+3, '02_SWEA_통합_코딩테스트_DB'!$J$4:$J$1260, "<>보류*") + COUNTIFS('02_SWEA_통합_코딩테스트_DB'!$H$4:$H$1260, DATE(2026,8,24)+34*7+3, '02_SWEA_통합_코딩테스트_DB'!$J$4:$J$1260, "<>보류*") + COUNTIFS('02_SWEA_통합_코딩테스트_DB'!$I$4:$I$1260, DATE(2026,8,24)+34*7+3, '02_SWEA_통합_코딩테스트_DB'!$J$4:$J$1260, "<>보류*") + COUNTIF('03_보안기사_필기_DB'!$I$4:$M$100, DATE(2026,8,24)+34*7+3) + COUNTIF('04_보안기사_실기_DB'!$G$4:$I$30, DATE(2026,8,24)+34*7+3) + COUNTIF('08_빅분기_필기_DB'!$I$4:$K$34, DATE(2026,8,24)+34*7+3) + COUNTIF('09_빅분기_실기_DB'!$H$4:$I$25, DATE(2026,8,24)+34*7+3) | AL14: =COUNTIFS('02_SWEA_통합_코딩테스트_DB'!$F$4:$F$1260, DATE(2026,8,24)+35*7+3, '02_SWEA_통합_코딩테스트_DB'!$J$4:$J$1260, "<>보류*") + COUNTIFS('02_SWEA_통합_코딩테스트_DB'!$G$4:$G$1260, DATE(2026,8,24)+35*7+3, '02_SWEA_통합_코딩테스트_DB'!$J$4:$J$1260, "<>보류*") + COUNTIFS('02_SWEA_통합_코딩테스트_DB'!$H$4:$H$1260, DATE(2026,8,24)+35*7+3, '02_SWEA_통합_코딩테스트_DB'!$J$4:$J$1260, "<>보류*") + COUNTIFS('02_SWEA_통합_코딩테스트_DB'!$I$4:$I$1260, DATE(2026,8,24)+35*7+3, '02_SWEA_통합_코딩테스트_DB'!$J$4:$J$1260, "<>보류*") + COUNTIF('03_보안기사_필기_DB'!$I$4:$M$100, DATE(2026,8,24)+35*7+3) + COUNTIF('04_보안기사_실기_DB'!$G$4:$I$30, DATE(2026,8,24)+35*7+3) + COUNTIF('08_빅분기_필기_DB'!$I$4:$K$34, DATE(2026,8,24)+35*7+3) + COUNTIF('09_빅분기_실기_DB'!$H$4:$I$25, DATE(2026,8,24)+35*7+3) | AM14: =COUNTIFS('02_SWEA_통합_코딩테스트_DB'!$F$4:$F$1260, DATE(2026,8,24)+36*7+3, '02_SWEA_통합_코딩테스트_DB'!$J$4:$J$1260, "<>보류*") + COUNTIFS('02_SWEA_통합_코딩테스트_DB'!$G$4:$G$1260, DATE(2026,8,24)+36*7+3, '02_SWEA_통합_코딩테스트_DB'!$J$4:$J$1260, "<>보류*") + COUNTIFS('02_SWEA_통합_코딩테스트_DB'!$H$4:$H$1260, DATE(2026,8,24)+36*7+3, '02_SWEA_통합_코딩테스트_DB'!$J$4:$J$1260, "<>보류*") + COUNTIFS('02_SWEA_통합_코딩테스트_DB'!$I$4:$I$1260, DATE(2026,8,24)+36*7+3, '02_SWEA_통합_코딩테스트_DB'!$J$4:$J$1260, "<>보류*") + COUNTIF('03_보안기사_필기_DB'!$I$4:$M$100, DATE(2026,8,24)+36*7+3) + COUNTIF('04_보안기사_실기_DB'!$G$4:$I$30, DATE(2026,8,24)+36*7+3) + COUNTIF('08_빅분기_필기_DB'!$I$4:$K$34, DATE(2026,8,24)+36*7+3) + COUNTIF('09_빅분기_실기_DB'!$H$4:$I$25, DATE(2026,8,24)+36*7+3) | AN14: =COUNTIFS('02_SWEA_통합_코딩테스트_DB'!$F$4:$F$1260, DATE(2026,8,24)+37*7+3, '02_SWEA_통합_코딩테스트_DB'!$J$4:$J$1260, "<>보류*") + COUNTIFS('02_SWEA_통합_코딩테스트_DB'!$G$4:$G$1260, DATE(2026,8,24)+37*7+3, '02_SWEA_통합_코딩테스트_DB'!$J$4:$J$1260, "<>보류*") + COUNTIFS('02_SWEA_통합_코딩테스트_DB'!$H$4:$H$1260, DATE(2026,8,24)+37*7+3, '02_SWEA_통합_코딩테스트_DB'!$J$4:$J$1260, "<>보류*") + COUNTIFS('02_SWEA_통합_코딩테스트_DB'!$I$4:$I$1260, DATE(2026,8,24)+37*7+3, '02_SWEA_통합_코딩테스트_DB'!$J$4:$J$1260, "<>보류*") + COUNTIF('03_보안기사_필기_DB'!$I$4:$M$100, DATE(2026,8,24)+37*7+3) + COUNTIF('04_보안기사_실기_DB'!$G$4:$I$30, DATE(2026,8,24)+37*7+3) + COUNTIF('08_빅분기_필기_DB'!$I$4:$K$34, DATE(2026,8,24)+37*7+3) + COUNTIF('09_빅분기_실기_DB'!$H$4:$I$25, DATE(2026,8,24)+37*7+3) | AO14: =COUNTIFS('02_SWEA_통합_코딩테스트_DB'!$F$4:$F$1260, DATE(2026,8,24)+38*7+3, '02_SWEA_통합_코딩테스트_DB'!$J$4:$J$1260, "<>보류*") + COUNTIFS('02_SWEA_통합_코딩테스트_DB'!$G$4:$G$1260, DATE(2026,8,24)+38*7+3, '02_SWEA_통합_코딩테스트_DB'!$J$4:$J$1260, "<>보류*") + COUNTIFS('02_SWEA_통합_코딩테스트_DB'!$H$4:$H$1260, DATE(2026,8,24)+38*7+3, '02_SWEA_통합_코딩테스트_DB'!$J$4:$J$1260, "<>보류*") + COUNTIFS('02_SWEA_통합_코딩테스트_DB'!$I$4:$I$1260, DATE(2026,8,24)+38*7+3, '02_SWEA_통합_코딩테스트_DB'!$J$4:$J$1260, "<>보류*") + COUNTIF('03_보안기사_필기_DB'!$I$4:$M$100, DATE(2026,8,24)+38*7+3) + COUNTIF('04_보안기사_실기_DB'!$G$4:$I$30, DATE(2026,8,24)+38*7+3) + COUNTIF('08_빅분기_필기_DB'!$I$4:$K$34, DATE(2026,8,24)+38*7+3) + COUNTIF('09_빅분기_실기_DB'!$H$4:$I$25, DATE(2026,8,24)+38*7+3) | AP14: =COUNTIFS('02_SWEA_통합_코딩테스트_DB'!$F$4:$F$1260, DATE(2026,8,24)+39*7+3, '02_SWEA_통합_코딩테스트_DB'!$J$4:$J$1260, "<>보류*") + COUNTIFS('02_SWEA_통합_코딩테스트_DB'!$G$4:$G$1260, DATE(2026,8,24)+39*7+3, '02_SWEA_통합_코딩테스트_DB'!$J$4:$J$1260, "<>보류*") + COUNTIFS('02_SWEA_통합_코딩테스트_DB'!$H$4:$H$1260, DATE(2026,8,24)+39*7+3, '02_SWEA_통합_코딩테스트_DB'!$J$4:$J$1260, "<>보류*") + COUNTIFS('02_SWEA_통합_코딩테스트_DB'!$I$4:$I$1260, DATE(2026,8,24)+39*7+3, '02_SWEA_통합_코딩테스트_DB'!$J$4:$J$1260, "<>보류*") + COUNTIF('03_보안기사_필기_DB'!$I$4:$M$100, DATE(2026,8,24)+39*7+3) + COUNTIF('04_보안기사_실기_DB'!$G$4:$I$30, DATE(2026,8,24)+39*7+3) + COUNTIF('08_빅분기_필기_DB'!$I$4:$K$34, DATE(2026,8,24)+39*7+3) + COUNTIF('09_빅분기_실기_DB'!$H$4:$I$25, DATE(2026,8,24)+39*7+3) | AQ14: =COUNTIFS('02_SWEA_통합_코딩테스트_DB'!$F$4:$F$1260, DATE(2026,8,24)+40*7+3, '02_SWEA_통합_코딩테스트_DB'!$J$4:$J$1260, "<>보류*") + COUNTIFS('02_SWEA_통합_코딩테스트_DB'!$G$4:$G$1260, DATE(2026,8,24)+40*7+3, '02_SWEA_통합_코딩테스트_DB'!$J$4:$J$1260, "<>보류*") + COUNTIFS('02_SWEA_통합_코딩테스트_DB'!$H$4:$H$1260, DATE(2026,8,24)+40*7+3, '02_SWEA_통합_코딩테스트_DB'!$J$4:$J$1260, "<>보류*") + COUNTIFS('02_SWEA_통합_코딩테스트_DB'!$I$4:$I$1260, DATE(2026,8,24)+40*7+3, '02_SWEA_통합_코딩테스트_DB'!$J$4:$J$1260, "<>보류*") + COUNTIF('03_보안기사_필기_DB'!$I$4:$M$100, DATE(2026,8,24)+40*7+3) + COUNTIF('04_보안기사_실기_DB'!$G$4:$I$30, DATE(2026,8,24)+40*7+3) + COUNTIF('08_빅분기_필기_DB'!$I$4:$K$34, DATE(2026,8,24)+40*7+3) + COUNTIF('09_빅분기_실기_DB'!$H$4:$I$25, DATE(2026,8,24)+40*7+3) | AR14: =COUNTIFS('02_SWEA_통합_코딩테스트_DB'!$F$4:$F$1260, DATE(2026,8,24)+41*7+3, '02_SWEA_통합_코딩테스트_DB'!$J$4:$J$1260, "<>보류*") + COUNTIFS('02_SWEA_통합_코딩테스트_DB'!$G$4:$G$1260, DATE(2026,8,24)+41*7+3, '02_SWEA_통합_코딩테스트_DB'!$J$4:$J$1260, "<>보류*") + COUNTIFS('02_SWEA_통합_코딩테스트_DB'!$H$4:$H$1260, DATE(2026,8,24)+41*7+3, '02_SWEA_통합_코딩테스트_DB'!$J$4:$J$1260, "<>보류*") + COUNTIFS('02_SWEA_통합_코딩테스트_DB'!$I$4:$I$1260, DATE(2026,8,24)+41*7+3, '02_SWEA_통합_코딩테스트_DB'!$J$4:$J$1260, "<>보류*") + COUNTIF('03_보안기사_필기_DB'!$I$4:$M$100, DATE(2026,8,24)+41*7+3) + COUNTIF('04_보안기사_실기_DB'!$G$4:$I$30, DATE(2026,8,24)+41*7+3) + COUNTIF('08_빅분기_필기_DB'!$I$4:$K$34, DATE(2026,8,24)+41*7+3) + COUNTIF('09_빅분기_실기_DB'!$H$4:$I$25, DATE(2026,8,24)+41*7+3) | AS14: =COUNTIFS('02_SWEA_통합_코딩테스트_DB'!$F$4:$F$1260, DATE(2026,8,24)+42*7+3, '02_SWEA_통합_코딩테스트_DB'!$J$4:$J$1260, "<>보류*") + COUNTIFS('02_SWEA_통합_코딩테스트_DB'!$G$4:$G$1260, DATE(2026,8,24)+42*7+3, '02_SWEA_통합_코딩테스트_DB'!$J$4:$J$1260, "<>보류*") + COUNTIFS('02_SWEA_통합_코딩테스트_DB'!$H$4:$H$1260, DATE(2026,8,24)+42*7+3, '02_SWEA_통합_코딩테스트_DB'!$J$4:$J$1260, "<>보류*") + COUNTIFS('02_SWEA_통합_코딩테스트_DB'!$I$4:$I$1260, DATE(2026,8,24)+42*7+3, '02_SWEA_통합_코딩테스트_DB'!$J$4:$J$1260, "<>보류*") + COUNTIF('03_보안기사_필기_DB'!$I$4:$M$100, DATE(2026,8,24)+42*7+3) + COUNTIF('04_보안기사_실기_DB'!$G$4:$I$30, DATE(2026,8,24)+42*7+3) + COUNTIF('08_빅분기_필기_DB'!$I$4:$K$34, DATE(2026,8,24)+42*7+3) + COUNTIF('09_빅분기_실기_DB'!$H$4:$I$25, DATE(2026,8,24)+42*7+3) | AT14: =COUNTIFS('02_SWEA_통합_코딩테스트_DB'!$F$4:$F$1260, DATE(2026,8,24)+43*7+3, '02_SWEA_통합_코딩테스트_DB'!$J$4:$J$1260, "<>보류*") + COUNTIFS('02_SWEA_통합_코딩테스트_DB'!$G$4:$G$1260, DATE(2026,8,24)+43*7+3, '02_SWEA_통합_코딩테스트_DB'!$J$4:$J$1260, "<>보류*") + COUNTIFS('02_SWEA_통합_코딩테스트_DB'!$H$4:$H$1260, DATE(2026,8,24)+43*7+3, '02_SWEA_통합_코딩테스트_DB'!$J$4:$J$1260, "<>보류*") + COUNTIFS('02_SWEA_통합_코딩테스트_DB'!$I$4:$I$1260, DATE(2026,8,24)+43*7+3, '02_SWEA_통합_코딩테스트_DB'!$J$4:$J$1260, "<>보류*") + COUNTIF('03_보안기사_필기_DB'!$I$4:$M$100, DATE(2026,8,24)+43*7+3) + COUNTIF('04_보안기사_실기_DB'!$G$4:$I$30, DATE(2026,8,24)+43*7+3) + COUNTIF('08_빅분기_필기_DB'!$I$4:$K$34, DATE(2026,8,24)+43*7+3) + COUNTIF('09_빅분기_실기_DB'!$H$4:$I$25, DATE(2026,8,24)+43*7+3) | AU14: =COUNTIFS('02_SWEA_통합_코딩테스트_DB'!$F$4:$F$1260, DATE(2026,8,24)+44*7+3, '02_SWEA_통합_코딩테스트_DB'!$J$4:$J$1260, "<>보류*") + COUNTIFS('02_SWEA_통합_코딩테스트_DB'!$G$4:$G$1260, DATE(2026,8,24)+44*7+3, '02_SWEA_통합_코딩테스트_DB'!$J$4:$J$1260, "<>보류*") + COUNTIFS('02_SWEA_통합_코딩테스트_DB'!$H$4:$H$1260, DATE(2026,8,24)+44*7+3, '02_SWEA_통합_코딩테스트_DB'!$J$4:$J$1260, "<>보류*") + COUNTIFS('02_SWEA_통합_코딩테스트_DB'!$I$4:$I$1260, DATE(2026,8,24)+44*7+3, '02_SWEA_통합_코딩테스트_DB'!$J$4:$J$1260, "<>보류*") + COUNTIF('03_보안기사_필기_DB'!$I$4:$M$100, DATE(2026,8,24)+44*7+3) + COUNTIF('04_보안기사_실기_DB'!$G$4:$I$30, DATE(2026,8,24)+44*7+3) + COUNTIF('08_빅분기_필기_DB'!$I$4:$K$34, DATE(2026,8,24)+44*7+3) + COUNTIF('09_빅분기_실기_DB'!$H$4:$I$25, DATE(2026,8,24)+44*7+3) | AV14: =COUNTIFS('02_SWEA_통합_코딩테스트_DB'!$F$4:$F$1260, DATE(2026,8,24)+45*7+3, '02_SWEA_통합_코딩테스트_DB'!$J$4:$J$1260, "<>보류*") + COUNTIFS('02_SWEA_통합_코딩테스트_DB'!$G$4:$G$1260, DATE(2026,8,24)+45*7+3, '02_SWEA_통합_코딩테스트_DB'!$J$4:$J$1260, "<>보류*") + COUNTIFS('02_SWEA_통합_코딩테스트_DB'!$H$4:$H$1260, DATE(2026,8,24)+45*7+3, '02_SWEA_통합_코딩테스트_DB'!$J$4:$J$1260, "<>보류*") + COUNTIFS('02_SWEA_통합_코딩테스트_DB'!$I$4:$I$1260, DATE(2026,8,24)+45*7+3, '02_SWEA_통합_코딩테스트_DB'!$J$4:$J$1260, "<>보류*") + COUNTIF('03_보안기사_필기_DB'!$I$4:$M$100, DATE(2026,8,24)+45*7+3) + COUNTIF('04_보안기사_실기_DB'!$G$4:$I$30, DATE(2026,8,24)+45*7+3) + COUNTIF('08_빅분기_필기_DB'!$I$4:$K$34, DATE(2026,8,24)+45*7+3) + COUNTIF('09_빅분기_실기_DB'!$H$4:$I$25, DATE(2026,8,24)+45*7+3) | AW14: =COUNTIFS('02_SWEA_통합_코딩테스트_DB'!$F$4:$F$1260, DATE(2026,8,24)+46*7+3, '02_SWEA_통합_코딩테스트_DB'!$J$4:$J$1260, "<>보류*") + COUNTIFS('02_SWEA_통합_코딩테스트_DB'!$G$4:$G$1260, DATE(2026,8,24)+46*7+3, '02_SWEA_통합_코딩테스트_DB'!$J$4:$J$1260, "<>보류*") + COUNTIFS('02_SWEA_통합_코딩테스트_DB'!$H$4:$H$1260, DATE(2026,8,24)+46*7+3, '02_SWEA_통합_코딩테스트_DB'!$J$4:$J$1260, "<>보류*") + COUNTIFS('02_SWEA_통합_코딩테스트_DB'!$I$4:$I$1260, DATE(2026,8,24)+46*7+3, '02_SWEA_통합_코딩테스트_DB'!$J$4:$J$1260, "<>보류*") + COUNTIF('03_보안기사_필기_DB'!$I$4:$M$100, DATE(2026,8,24)+46*7+3) + COUNTIF('04_보안기사_실기_DB'!$G$4:$I$30, DATE(2026,8,24)+46*7+3) + COUNTIF('08_빅분기_필기_DB'!$I$4:$K$34, DATE(2026,8,24)+46*7+3) + COUNTIF('09_빅분기_실기_DB'!$H$4:$I$25, DATE(2026,8,24)+46*7+3) | AX14: =COUNTIFS('02_SWEA_통합_코딩테스트_DB'!$F$4:$F$1260, DATE(2026,8,24)+47*7+3, '02_SWEA_통합_코딩테스트_DB'!$J$4:$J$1260, "<>보류*") + COUNTIFS('02_SWEA_통합_코딩테스트_DB'!$G$4:$G$1260, DATE(2026,8,24)+47*7+3, '02_SWEA_통합_코딩테스트_DB'!$J$4:$J$1260, "<>보류*") + COUNTIFS('02_SWEA_통합_코딩테스트_DB'!$H$4:$H$1260, DATE(2026,8,24)+47*7+3, '02_SWEA_통합_코딩테스트_DB'!$J$4:$J$1260, "<>보류*") + COUNTIFS('02_SWEA_통합_코딩테스트_DB'!$I$4:$I$1260, DATE(2026,8,24)+47*7+3, '02_SWEA_통합_코딩테스트_DB'!$J$4:$J$1260, "<>보류*") + COUNTIF('03_보안기사_필기_DB'!$I$4:$M$100, DATE(2026,8,24)+47*7+3) + COUNTIF('04_보안기사_실기_DB'!$G$4:$I$30, DATE(2026,8,24)+47*7+3) + COUNTIF('08_빅분기_필기_DB'!$I$4:$K$34, DATE(2026,8,24)+47*7+3) + COUNTIF('09_빅분기_실기_DB'!$H$4:$I$25, DATE(2026,8,24)+47*7+3) | AY14: =COUNTIFS('02_SWEA_통합_코딩테스트_DB'!$F$4:$F$1260, DATE(2026,8,24)+48*7+3, '02_SWEA_통합_코딩테스트_DB'!$J$4:$J$1260, "<>보류*") + COUNTIFS('02_SWEA_통합_코딩테스트_DB'!$G$4:$G$1260, DATE(2026,8,24)+48*7+3, '02_SWEA_통합_코딩테스트_DB'!$J$4:$J$1260, "<>보류*") + COUNTIFS('02_SWEA_통합_코딩테스트_DB'!$H$4:$H$1260, DATE(2026,8,24)+48*7+3, '02_SWEA_통합_코딩테스트_DB'!$J$4:$J$1260, "<>보류*") + COUNTIFS('02_SWEA_통합_코딩테스트_DB'!$I$4:$I$1260, DATE(2026,8,24)+48*7+3, '02_SWEA_통합_코딩테스트_DB'!$J$4:$J$1260, "<>보류*") + COUNTIF('03_보안기사_필기_DB'!$I$4:$M$100, DATE(2026,8,24)+48*7+3) + COUNTIF('04_보안기사_실기_DB'!$G$4:$I$30, DATE(2026,8,24)+48*7+3) + COUNTIF('08_빅분기_필기_DB'!$I$4:$K$34, DATE(2026,8,24)+48*7+3) + COUNTIF('09_빅분기_실기_DB'!$H$4:$I$25, DATE(2026,8,24)+48*7+3) | AZ14: =COUNTIFS('02_SWEA_통합_코딩테스트_DB'!$F$4:$F$1260, DATE(2026,8,24)+49*7+3, '02_SWEA_통합_코딩테스트_DB'!$J$4:$J$1260, "<>보류*") + COUNTIFS('02_SWEA_통합_코딩테스트_DB'!$G$4:$G$1260, DATE(2026,8,24)+49*7+3, '02_SWEA_통합_코딩테스트_DB'!$J$4:$J$1260, "<>보류*") + COUNTIFS('02_SWEA_통합_코딩테스트_DB'!$H$4:$H$1260, DATE(2026,8,24)+49*7+3, '02_SWEA_통합_코딩테스트_DB'!$J$4:$J$1260, "<>보류*") + COUNTIFS('02_SWEA_통합_코딩테스트_DB'!$I$4:$I$1260, DATE(2026,8,24)+49*7+3, '02_SWEA_통합_코딩테스트_DB'!$J$4:$J$1260, "<>보류*") + COUNTIF('03_보안기사_필기_DB'!$I$4:$M$100, DATE(2026,8,24)+49*7+3) + COUNTIF('04_보안기사_실기_DB'!$G$4:$I$30, DATE(2026,8,24)+49*7+3) + COUNTIF('08_빅분기_필기_DB'!$I$4:$K$34, DATE(2026,8,24)+49*7+3) + COUNTIF('09_빅분기_실기_DB'!$H$4:$I$25, DATE(2026,8,24)+49*7+3) | BA14: =COUNTIFS('02_SWEA_통합_코딩테스트_DB'!$F$4:$F$1260, DATE(2026,8,24)+50*7+3, '02_SWEA_통합_코딩테스트_DB'!$J$4:$J$1260, "<>보류*") + COUNTIFS('02_SWEA_통합_코딩테스트_DB'!$G$4:$G$1260, DATE(2026,8,24)+50*7+3, '02_SWEA_통합_코딩테스트_DB'!$J$4:$J$1260, "<>보류*") + COUNTIFS('02_SWEA_통합_코딩테스트_DB'!$H$4:$H$1260, DATE(2026,8,24)+50*7+3, '02_SWEA_통합_코딩테스트_DB'!$J$4:$J$1260, "<>보류*") + COUNTIFS('02_SWEA_통합_코딩테스트_DB'!$I$4:$I$1260, DATE(2026,8,24)+50*7+3, '02_SWEA_통합_코딩테스트_DB'!$J$4:$J$1260, "<>보류*") + COUNTIF('03_보안기사_필기_DB'!$I$4:$M$100, DATE(2026,8,24)+50*7+3) + COUNTIF('04_보안기사_실기_DB'!$G$4:$I$30, DATE(2026,8,24)+50*7+3) + COUNTIF('08_빅분기_필기_DB'!$I$4:$K$34, DATE(2026,8,24)+50*7+3) + COUNTIF('09_빅분기_실기_DB'!$H$4:$I$25, DATE(2026,8,24)+50*7+3) | BB14: =COUNTIFS('02_SWEA_통합_코딩테스트_DB'!$F$4:$F$1260, DATE(2026,8,24)+51*7+3, '02_SWEA_통합_코딩테스트_DB'!$J$4:$J$1260, "<>보류*") + COUNTIFS('02_SWEA_통합_코딩테스트_DB'!$G$4:$G$1260, DATE(2026,8,24)+51*7+3, '02_SWEA_통합_코딩테스트_DB'!$J$4:$J$1260, "<>보류*") + COUNTIFS('02_SWEA_통합_코딩테스트_DB'!$H$4:$H$1260, DATE(2026,8,24)+51*7+3, '02_SWEA_통합_코딩테스트_DB'!$J$4:$J$1260, "<>보류*") + COUNTIFS('02_SWEA_통합_코딩테스트_DB'!$I$4:$I$1260, DATE(2026,8,24)+51*7+3, '02_SWEA_통합_코딩테스트_DB'!$J$4:$J$1260, "<>보류*") + COUNTIF('03_보안기사_필기_DB'!$I$4:$M$100, DATE(2026,8,24)+51*7+3) + COUNTIF('04_보안기사_실기_DB'!$G$4:$I$30, DATE(2026,8,24)+51*7+3) + COUNTIF('08_빅분기_필기_DB'!$I$4:$K$34, DATE(2026,8,24)+51*7+3) + COUNTIF('09_빅분기_실기_DB'!$H$4:$I$25, DATE(2026,8,24)+51*7+3) | BC14: =COUNTIFS('02_SWEA_통합_코딩테스트_DB'!$F$4:$F$1260, DATE(2026,8,24)+52*7+3, '02_SWEA_통합_코딩테스트_DB'!$J$4:$J$1260, "<>보류*") + COUNTIFS('02_SWEA_통합_코딩테스트_DB'!$G$4:$G$1260, DATE(2026,8,24)+52*7+3, '02_SWEA_통합_코딩테스트_DB'!$J$4:$J$1260, "<>보류*") + COUNTIFS('02_SWEA_통합_코딩테스트_DB'!$H$4:$H$1260, DATE(2026,8,24)+52*7+3, '02_SWEA_통합_코딩테스트_DB'!$J$4:$J$1260, "<>보류*") + COUNTIFS('02_SWEA_통합_코딩테스트_DB'!$I$4:$I$1260, DATE(2026,8,24)+52*7+3, '02_SWEA_통합_코딩테스트_DB'!$J$4:$J$1260, "<>보류*") + COUNTIF('03_보안기사_필기_DB'!$I$4:$M$100, DATE(2026,8,24)+52*7+3) + COUNTIF('04_보안기사_실기_DB'!$G$4:$I$30, DATE(2026,8,24)+52*7+3)
A15: 금 (Fri) | C15: =COUNTIFS('02_SWEA_통합_코딩테스트_DB'!$F$4:$F$1260, DATE(2026,8,24)+0*7+4, '02_SWEA_통합_코딩테스트_DB'!$J$4:$J$1260, "<>보류*") + COUNTIFS('02_SWEA_통합_코딩테스트_DB'!$G$4:$G$1260, DATE(2026,8,24)+0*7+4, '02_SWEA_통합_코딩테스트_DB'!$J$4:$J$1260, "<>보류*") + COUNTIFS('02_SWEA_통합_코딩테스트_DB'!$H$4:$H$1260, DATE(2026,8,24)+0*7+4, '02_SWEA_통합_코딩테스트_DB'!$J$4:$J$1260, "<>보류*") + COUNTIFS('02_SWEA_통합_코딩테스트_DB'!$I$4:$I$1260, DATE(2026,8,24)+0*7+4, '02_SWEA_통합_코딩테스트_DB'!$J$4:$J$1260, "<>보류*") + COUNTIF('03_보안기사_필기_DB'!$I$4:$M$100, DATE(2026,8,24)+0*7+4) + COUNTIF('04_보안기사_실기_DB'!$G$4:$I$30, DATE(2026,8,24)+0*7+4) + COUNTIF('08_빅분기_필기_DB'!$I$4:$K$34, DATE(2026,8,24)+0*7+4) + COUNTIF('09_빅분기_실기_DB'!$H$4:$I$25, DATE(2026,8,24)+0*7+4) | D15: =COUNTIFS('02_SWEA_통합_코딩테스트_DB'!$F$4:$F$1260, DATE(2026,8,24)+1*7+4, '02_SWEA_통합_코딩테스트_DB'!$J$4:$J$1260, "<>보류*") + COUNTIFS('02_SWEA_통합_코딩테스트_DB'!$G$4:$G$1260, DATE(2026,8,24)+1*7+4, '02_SWEA_통합_코딩테스트_DB'!$J$4:$J$1260, "<>보류*") + COUNTIFS('02_SWEA_통합_코딩테스트_DB'!$H$4:$H$1260, DATE(2026,8,24)+1*7+4, '02_SWEA_통합_코딩테스트_DB'!$J$4:$J$1260, "<>보류*") + COUNTIFS('02_SWEA_통합_코딩테스트_DB'!$I$4:$I$1260, DATE(2026,8,24)+1*7+4, '02_SWEA_통합_코딩테스트_DB'!$J$4:$J$1260, "<>보류*") + COUNTIF('03_보안기사_필기_DB'!$I$4:$M$100, DATE(2026,8,24)+1*7+4) + COUNTIF('04_보안기사_실기_DB'!$G$4:$I$30, DATE(2026,8,24)+1*7+4) + COUNTIF('08_빅분기_필기_DB'!$I$4:$K$34, DATE(2026,8,24)+1*7+4) + COUNTIF('09_빅분기_실기_DB'!$H$4:$I$25, DATE(2026,8,24)+1*7+4) | E15: =COUNTIFS('02_SWEA_통합_코딩테스트_DB'!$F$4:$F$1260, DATE(2026,8,24)+2*7+4, '02_SWEA_통합_코딩테스트_DB'!$J$4:$J$1260, "<>보류*") + COUNTIFS('02_SWEA_통합_코딩테스트_DB'!$G$4:$G$1260, DATE(2026,8,24)+2*7+4, '02_SWEA_통합_코딩테스트_DB'!$J$4:$J$1260, "<>보류*") + COUNTIFS('02_SWEA_통합_코딩테스트_DB'!$H$4:$H$1260, DATE(2026,8,24)+2*7+4, '02_SWEA_통합_코딩테스트_DB'!$J$4:$J$1260, "<>보류*") + COUNTIFS('02_SWEA_통합_코딩테스트_DB'!$I$4:$I$1260, DATE(2026,8,24)+2*7+4, '02_SWEA_통합_코딩테스트_DB'!$J$4:$J$1260, "<>보류*") + COUNTIF('03_보안기사_필기_DB'!$I$4:$M$100, DATE(2026,8,24)+2*7+4) + COUNTIF('04_보안기사_실기_DB'!$G$4:$I$30, DATE(2026,8,24)+2*7+4) + COUNTIF('08_빅분기_필기_DB'!$I$4:$K$34, DATE(2026,8,24)+2*7+4) + COUNTIF('09_빅분기_실기_DB'!$H$4:$I$25, DATE(2026,8,24)+2*7+4) | F15: =COUNTIFS('02_SWEA_통합_코딩테스트_DB'!$F$4:$F$1260, DATE(2026,8,24)+3*7+4, '02_SWEA_통합_코딩테스트_DB'!$J$4:$J$1260, "<>보류*") + COUNTIFS('02_SWEA_통합_코딩테스트_DB'!$G$4:$G$1260, DATE(2026,8,24)+3*7+4, '02_SWEA_통합_코딩테스트_DB'!$J$4:$J$1260, "<>보류*") + COUNTIFS('02_SWEA_통합_코딩테스트_DB'!$H$4:$H$1260, DATE(2026,8,24)+3*7+4, '02_SWEA_통합_코딩테스트_DB'!$J$4:$J$1260, "<>보류*") + COUNTIFS('02_SWEA_통합_코딩테스트_DB'!$I$4:$I$1260, DATE(2026,8,24)+3*7+4, '02_SWEA_통합_코딩테스트_DB'!$J$4:$J$1260, "<>보류*") + COUNTIF('03_보안기사_필기_DB'!$I$4:$M$100, DATE(2026,8,24)+3*7+4) + COUNTIF('04_보안기사_실기_DB'!$G$4:$I$30, DATE(2026,8,24)+3*7+4) + COUNTIF('08_빅분기_필기_DB'!$I$4:$K$34, DATE(2026,8,24)+3*7+4) + COUNTIF('09_빅분기_실기_DB'!$H$4:$I$25, DATE(2026,8,24)+3*7+4) | G15: =COUNTIFS('02_SWEA_통합_코딩테스트_DB'!$F$4:$F$1260, DATE(2026,8,24)+4*7+4, '02_SWEA_통합_코딩테스트_DB'!$J$4:$J$1260, "<>보류*") + COUNTIFS('02_SWEA_통합_코딩테스트_DB'!$G$4:$G$1260, DATE(2026,8,24)+4*7+4, '02_SWEA_통합_코딩테스트_DB'!$J$4:$J$1260, "<>보류*") + COUNTIFS('02_SWEA_통합_코딩테스트_DB'!$H$4:$H$1260, DATE(2026,8,24)+4*7+4, '02_SWEA_통합_코딩테스트_DB'!$J$4:$J$1260, "<>보류*") + COUNTIFS('02_SWEA_통합_코딩테스트_DB'!$I$4:$I$1260, DATE(2026,8,24)+4*7+4, '02_SWEA_통합_코딩테스트_DB'!$J$4:$J$1260, "<>보류*") + COUNTIF('03_보안기사_필기_DB'!$I$4:$M$100, DATE(2026,8,24)+4*7+4) + COUNTIF('04_보안기사_실기_DB'!$G$4:$I$30, DATE(2026,8,24)+4*7+4) + COUNTIF('08_빅분기_필기_DB'!$I$4:$K$34, DATE(2026,8,24)+4*7+4) + COUNTIF('09_빅분기_실기_DB'!$H$4:$I$25, DATE(2026,8,24)+4*7+4) | H15: =COUNTIFS('02_SWEA_통합_코딩테스트_DB'!$F$4:$F$1260, DATE(2026,8,24)+5*7+4, '02_SWEA_통합_코딩테스트_DB'!$J$4:$J$1260, "<>보류*") + COUNTIFS('02_SWEA_통합_코딩테스트_DB'!$G$4:$G$1260, DATE(2026,8,24)+5*7+4, '02_SWEA_통합_코딩테스트_DB'!$J$4:$J$1260, "<>보류*") + COUNTIFS('02_SWEA_통합_코딩테스트_DB'!$H$4:$H$1260, DATE(2026,8,24)+5*7+4, '02_SWEA_통합_코딩테스트_DB'!$J$4:$J$1260, "<>보류*") + COUNTIFS('02_SWEA_통합_코딩테스트_DB'!$I$4:$I$1260, DATE(2026,8,24)+5*7+4, '02_SWEA_통합_코딩테스트_DB'!$J$4:$J$1260, "<>보류*") + COUNTIF('03_보안기사_필기_DB'!$I$4:$M$100, DATE(2026,8,24)+5*7+4) + COUNTIF('04_보안기사_실기_DB'!$G$4:$I$30, DATE(2026,8,24)+5*7+4) + COUNTIF('08_빅분기_필기_DB'!$I$4:$K$34, DATE(2026,8,24)+5*7+4) + COUNTIF('09_빅분기_실기_DB'!$H$4:$I$25, DATE(2026,8,24)+5*7+4) | I15: =COUNTIFS('02_SWEA_통합_코딩테스트_DB'!$F$4:$F$1260, DATE(2026,8,24)+6*7+4, '02_SWEA_통합_코딩테스트_DB'!$J$4:$J$1260, "<>보류*") + COUNTIFS('02_SWEA_통합_코딩테스트_DB'!$G$4:$G$1260, DATE(2026,8,24)+6*7+4, '02_SWEA_통합_코딩테스트_DB'!$J$4:$J$1260, "<>보류*") + COUNTIFS('02_SWEA_통합_코딩테스트_DB'!$H$4:$H$1260, DATE(2026,8,24)+6*7+4, '02_SWEA_통합_코딩테스트_DB'!$J$4:$J$1260, "<>보류*") + COUNTIFS('02_SWEA_통합_코딩테스트_DB'!$I$4:$I$1260, DATE(2026,8,24)+6*7+4, '02_SWEA_통합_코딩테스트_DB'!$J$4:$J$1260, "<>보류*") + COUNTIF('03_보안기사_필기_DB'!$I$4:$M$100, DATE(2026,8,24)+6*7+4) + COUNTIF('04_보안기사_실기_DB'!$G$4:$I$30, DATE(2026,8,24)+6*7+4) + COUNTIF('08_빅분기_필기_DB'!$I$4:$K$34, DATE(2026,8,24)+6*7+4) + COUNTIF('09_빅분기_실기_DB'!$H$4:$I$25, DATE(2026,8,24)+6*7+4) | J15: =COUNTIFS('02_SWEA_통합_코딩테스트_DB'!$F$4:$F$1260, DATE(2026,8,24)+7*7+4, '02_SWEA_통합_코딩테스트_DB'!$J$4:$J$1260, "<>보류*") + COUNTIFS('02_SWEA_통합_코딩테스트_DB'!$G$4:$G$1260, DATE(2026,8,24)+7*7+4, '02_SWEA_통합_코딩테스트_DB'!$J$4:$J$1260, "<>보류*") + COUNTIFS('02_SWEA_통합_코딩테스트_DB'!$H$4:$H$1260, DATE(2026,8,24)+7*7+4, '02_SWEA_통합_코딩테스트_DB'!$J$4:$J$1260, "<>보류*") + COUNTIFS('02_SWEA_통합_코딩테스트_DB'!$I$4:$I$1260, DATE(2026,8,24)+7*7+4, '02_SWEA_통합_코딩테스트_DB'!$J$4:$J$1260, "<>보류*") + COUNTIF('03_보안기사_필기_DB'!$I$4:$M$100, DATE(2026,8,24)+7*7+4) + COUNTIF('04_보안기사_실기_DB'!$G$4:$I$30, DATE(2026,8,24)+7*7+4) + COUNTIF('08_빅분기_필기_DB'!$I$4:$K$34, DATE(2026,8,24)+7*7+4) + COUNTIF('09_빅분기_실기_DB'!$H$4:$I$25, DATE(2026,8,24)+7*7+4) | K15: =COUNTIFS('02_SWEA_통합_코딩테스트_DB'!$F$4:$F$1260, DATE(2026,8,24)+8*7+4, '02_SWEA_통합_코딩테스트_DB'!$J$4:$J$1260, "<>보류*") + COUNTIFS('02_SWEA_통합_코딩테스트_DB'!$G$4:$G$1260, DATE(2026,8,24)+8*7+4, '02_SWEA_통합_코딩테스트_DB'!$J$4:$J$1260, "<>보류*") + COUNTIFS('02_SWEA_통합_코딩테스트_DB'!$H$4:$H$1260, DATE(2026,8,24)+8*7+4, '02_SWEA_통합_코딩테스트_DB'!$J$4:$J$1260, "<>보류*") + COUNTIFS('02_SWEA_통합_코딩테스트_DB'!$I$4:$I$1260, DATE(2026,8,24)+8*7+4, '02_SWEA_통합_코딩테스트_DB'!$J$4:$J$1260, "<>보류*") + COUNTIF('03_보안기사_필기_DB'!$I$4:$M$100, DATE(2026,8,24)+8*7+4) + COUNTIF('04_보안기사_실기_DB'!$G$4:$I$30, DATE(2026,8,24)+8*7+4) + COUNTIF('08_빅분기_필기_DB'!$I$4:$K$34, DATE(2026,8,24)+8*7+4) + COUNTIF('09_빅분기_실기_DB'!$H$4:$I$25, DATE(2026,8,24)+8*7+4) | L15: =COUNTIFS('02_SWEA_통합_코딩테스트_DB'!$F$4:$F$1260, DATE(2026,8,24)+9*7+4, '02_SWEA_통합_코딩테스트_DB'!$J$4:$J$1260, "<>보류*") + COUNTIFS('02_SWEA_통합_코딩테스트_DB'!$G$4:$G$1260, DATE(2026,8,24)+9*7+4, '02_SWEA_통합_코딩테스트_DB'!$J$4:$J$1260, "<>보류*") + COUNTIFS('02_SWEA_통합_코딩테스트_DB'!$H$4:$H$1260, DATE(2026,8,24)+9*7+4, '02_SWEA_통합_코딩테스트_DB'!$J$4:$J$1260, "<>보류*") + COUNTIFS('02_SWEA_통합_코딩테스트_DB'!$I$4:$I$1260, DATE(2026,8,24)+9*7+4, '02_SWEA_통합_코딩테스트_DB'!$J$4:$J$1260, "<>보류*") + COUNTIF('03_보안기사_필기_DB'!$I$4:$M$100, DATE(2026,8,24)+9*7+4) + COUNTIF('04_보안기사_실기_DB'!$G$4:$I$30, DATE(2026,8,24)+9*7+4) + COUNTIF('08_빅분기_필기_DB'!$I$4:$K$34, DATE(2026,8,24)+9*7+4) + COUNTIF('09_빅분기_실기_DB'!$H$4:$I$25, DATE(2026,8,24)+9*7+4) | M15: =COUNTIFS('02_SWEA_통합_코딩테스트_DB'!$F$4:$F$1260, DATE(2026,8,24)+10*7+4, '02_SWEA_통합_코딩테스트_DB'!$J$4:$J$1260, "<>보류*") + COUNTIFS('02_SWEA_통합_코딩테스트_DB'!$G$4:$G$1260, DATE(2026,8,24)+10*7+4, '02_SWEA_통합_코딩테스트_DB'!$J$4:$J$1260, "<>보류*") + COUNTIFS('02_SWEA_통합_코딩테스트_DB'!$H$4:$H$1260, DATE(2026,8,24)+10*7+4, '02_SWEA_통합_코딩테스트_DB'!$J$4:$J$1260, "<>보류*") + COUNTIFS('02_SWEA_통합_코딩테스트_DB'!$I$4:$I$1260, DATE(2026,8,24)+10*7+4, '02_SWEA_통합_코딩테스트_DB'!$J$4:$J$1260, "<>보류*") + COUNTIF('03_보안기사_필기_DB'!$I$4:$M$100, DATE(2026,8,24)+10*7+4) + COUNTIF('04_보안기사_실기_DB'!$G$4:$I$30, DATE(2026,8,24)+10*7+4) + COUNTIF('08_빅분기_필기_DB'!$I$4:$K$34, DATE(2026,8,24)+10*7+4) + COUNTIF('09_빅분기_실기_DB'!$H$4:$I$25, DATE(2026,8,24)+10*7+4) | N15: =COUNTIFS('02_SWEA_통합_코딩테스트_DB'!$F$4:$F$1260, DATE(2026,8,24)+11*7+4, '02_SWEA_통합_코딩테스트_DB'!$J$4:$J$1260, "<>보류*") + COUNTIFS('02_SWEA_통합_코딩테스트_DB'!$G$4:$G$1260, DATE(2026,8,24)+11*7+4, '02_SWEA_통합_코딩테스트_DB'!$J$4:$J$1260, "<>보류*") + COUNTIFS('02_SWEA_통합_코딩테스트_DB'!$H$4:$H$1260, DATE(2026,8,24)+11*7+4, '02_SWEA_통합_코딩테스트_DB'!$J$4:$J$1260, "<>보류*") + COUNTIFS('02_SWEA_통합_코딩테스트_DB'!$I$4:$I$1260, DATE(2026,8,24)+11*7+4, '02_SWEA_통합_코딩테스트_DB'!$J$4:$J$1260, "<>보류*") + COUNTIF('03_보안기사_필기_DB'!$I$4:$M$100, DATE(2026,8,24)+11*7+4) + COUNTIF('04_보안기사_실기_DB'!$G$4:$I$30, DATE(2026,8,24)+11*7+4) + COUNTIF('08_빅분기_필기_DB'!$I$4:$K$34, DATE(2026,8,24)+11*7+4) + COUNTIF('09_빅분기_실기_DB'!$H$4:$I$25, DATE(2026,8,24)+11*7+4) | O15: =COUNTIFS('02_SWEA_통합_코딩테스트_DB'!$F$4:$F$1260, DATE(2026,8,24)+12*7+4, '02_SWEA_통합_코딩테스트_DB'!$J$4:$J$1260, "<>보류*") + COUNTIFS('02_SWEA_통합_코딩테스트_DB'!$G$4:$G$1260, DATE(2026,8,24)+12*7+4, '02_SWEA_통합_코딩테스트_DB'!$J$4:$J$1260, "<>보류*") + COUNTIFS('02_SWEA_통합_코딩테스트_DB'!$H$4:$H$1260, DATE(2026,8,24)+12*7+4, '02_SWEA_통합_코딩테스트_DB'!$J$4:$J$1260, "<>보류*") + COUNTIFS('02_SWEA_통합_코딩테스트_DB'!$I$4:$I$1260, DATE(2026,8,24)+12*7+4, '02_SWEA_통합_코딩테스트_DB'!$J$4:$J$1260, "<>보류*") + COUNTIF('03_보안기사_필기_DB'!$I$4:$M$100, DATE(2026,8,24)+12*7+4) + COUNTIF('04_보안기사_실기_DB'!$G$4:$I$30, DATE(2026,8,24)+12*7+4) + COUNTIF('08_빅분기_필기_DB'!$I$4:$K$34, DATE(2026,8,24)+12*7+4) + COUNTIF('09_빅분기_실기_DB'!$H$4:$I$25, DATE(2026,8,24)+12*7+4) | P15: =COUNTIFS('02_SWEA_통합_코딩테스트_DB'!$F$4:$F$1260, DATE(2026,8,24)+13*7+4, '02_SWEA_통합_코딩테스트_DB'!$J$4:$J$1260, "<>보류*") + COUNTIFS('02_SWEA_통합_코딩테스트_DB'!$G$4:$G$1260, DATE(2026,8,24)+13*7+4, '02_SWEA_통합_코딩테스트_DB'!$J$4:$J$1260, "<>보류*") + COUNTIFS('02_SWEA_통합_코딩테스트_DB'!$H$4:$H$1260, DATE(2026,8,24)+13*7+4, '02_SWEA_통합_코딩테스트_DB'!$J$4:$J$1260, "<>보류*") + COUNTIFS('02_SWEA_통합_코딩테스트_DB'!$I$4:$I$1260, DATE(2026,8,24)+13*7+4, '02_SWEA_통합_코딩테스트_DB'!$J$4:$J$1260, "<>보류*") + COUNTIF('03_보안기사_필기_DB'!$I$4:$M$100, DATE(2026,8,24)+13*7+4) + COUNTIF('04_보안기사_실기_DB'!$G$4:$I$30, DATE(2026,8,24)+13*7+4) + COUNTIF('08_빅분기_필기_DB'!$I$4:$K$34, DATE(2026,8,24)+13*7+4) + COUNTIF('09_빅분기_실기_DB'!$H$4:$I$25, DATE(2026,8,24)+13*7+4) | Q15: =COUNTIFS('02_SWEA_통합_코딩테스트_DB'!$F$4:$F$1260, DATE(2026,8,24)+14*7+4, '02_SWEA_통합_코딩테스트_DB'!$J$4:$J$1260, "<>보류*") + COUNTIFS('02_SWEA_통합_코딩테스트_DB'!$G$4:$G$1260, DATE(2026,8,24)+14*7+4, '02_SWEA_통합_코딩테스트_DB'!$J$4:$J$1260, "<>보류*") + COUNTIFS('02_SWEA_통합_코딩테스트_DB'!$H$4:$H$1260, DATE(2026,8,24)+14*7+4, '02_SWEA_통합_코딩테스트_DB'!$J$4:$J$1260, "<>보류*") + COUNTIFS('02_SWEA_통합_코딩테스트_DB'!$I$4:$I$1260, DATE(2026,8,24)+14*7+4, '02_SWEA_통합_코딩테스트_DB'!$J$4:$J$1260, "<>보류*") + COUNTIF('03_보안기사_필기_DB'!$I$4:$M$100, DATE(2026,8,24)+14*7+4) + COUNTIF('04_보안기사_실기_DB'!$G$4:$I$30, DATE(2026,8,24)+14*7+4) + COUNTIF('08_빅분기_필기_DB'!$I$4:$K$34, DATE(2026,8,24)+14*7+4) + COUNTIF('09_빅분기_실기_DB'!$H$4:$I$25, DATE(2026,8,24)+14*7+4) | R15: =COUNTIFS('02_SWEA_통합_코딩테스트_DB'!$F$4:$F$1260, DATE(2026,8,24)+15*7+4, '02_SWEA_통합_코딩테스트_DB'!$J$4:$J$1260, "<>보류*") + COUNTIFS('02_SWEA_통합_코딩테스트_DB'!$G$4:$G$1260, DATE(2026,8,24)+15*7+4, '02_SWEA_통합_코딩테스트_DB'!$J$4:$J$1260, "<>보류*") + COUNTIFS('02_SWEA_통합_코딩테스트_DB'!$H$4:$H$1260, DATE(2026,8,24)+15*7+4, '02_SWEA_통합_코딩테스트_DB'!$J$4:$J$1260, "<>보류*") + COUNTIFS('02_SWEA_통합_코딩테스트_DB'!$I$4:$I$1260, DATE(2026,8,24)+15*7+4, '02_SWEA_통합_코딩테스트_DB'!$J$4:$J$1260, "<>보류*") + COUNTIF('03_보안기사_필기_DB'!$I$4:$M$100, DATE(2026,8,24)+15*7+4) + COUNTIF('04_보안기사_실기_DB'!$G$4:$I$30, DATE(2026,8,24)+15*7+4) + COUNTIF('08_빅분기_필기_DB'!$I$4:$K$34, DATE(2026,8,24)+15*7+4) + COUNTIF('09_빅분기_실기_DB'!$H$4:$I$25, DATE(2026,8,24)+15*7+4) | S15: =COUNTIFS('02_SWEA_통합_코딩테스트_DB'!$F$4:$F$1260, DATE(2026,8,24)+16*7+4, '02_SWEA_통합_코딩테스트_DB'!$J$4:$J$1260, "<>보류*") + COUNTIFS('02_SWEA_통합_코딩테스트_DB'!$G$4:$G$1260, DATE(2026,8,24)+16*7+4, '02_SWEA_통합_코딩테스트_DB'!$J$4:$J$1260, "<>보류*") + COUNTIFS('02_SWEA_통합_코딩테스트_DB'!$H$4:$H$1260, DATE(2026,8,24)+16*7+4, '02_SWEA_통합_코딩테스트_DB'!$J$4:$J$1260, "<>보류*") + COUNTIFS('02_SWEA_통합_코딩테스트_DB'!$I$4:$I$1260, DATE(2026,8,24)+16*7+4, '02_SWEA_통합_코딩테스트_DB'!$J$4:$J$1260, "<>보류*") + COUNTIF('03_보안기사_필기_DB'!$I$4:$M$100, DATE(2026,8,24)+16*7+4) + COUNTIF('04_보안기사_실기_DB'!$G$4:$I$30, DATE(2026,8,24)+16*7+4) + COUNTIF('08_빅분기_필기_DB'!$I$4:$K$34, DATE(2026,8,24)+16*7+4) + COUNTIF('09_빅분기_실기_DB'!$H$4:$I$25, DATE(2026,8,24)+16*7+4) | T15: =COUNTIFS('02_SWEA_통합_코딩테스트_DB'!$F$4:$F$1260, DATE(2026,8,24)+17*7+4, '02_SWEA_통합_코딩테스트_DB'!$J$4:$J$1260, "<>보류*") + COUNTIFS('02_SWEA_통합_코딩테스트_DB'!$G$4:$G$1260, DATE(2026,8,24)+17*7+4, '02_SWEA_통합_코딩테스트_DB'!$J$4:$J$1260, "<>보류*") + COUNTIFS('02_SWEA_통합_코딩테스트_DB'!$H$4:$H$1260, DATE(2026,8,24)+17*7+4, '02_SWEA_통합_코딩테스트_DB'!$J$4:$J$1260, "<>보류*") + COUNTIFS('02_SWEA_통합_코딩테스트_DB'!$I$4:$I$1260, DATE(2026,8,24)+17*7+4, '02_SWEA_통합_코딩테스트_DB'!$J$4:$J$1260, "<>보류*") + COUNTIF('03_보안기사_필기_DB'!$I$4:$M$100, DATE(2026,8,24)+17*7+4) + COUNTIF('04_보안기사_실기_DB'!$G$4:$I$30, DATE(2026,8,24)+17*7+4) + COUNTIF('08_빅분기_필기_DB'!$I$4:$K$34, DATE(2026,8,24)+17*7+4) + COUNTIF('09_빅분기_실기_DB'!$H$4:$I$25, DATE(2026,8,24)+17*7+4) | U15: =COUNTIFS('02_SWEA_통합_코딩테스트_DB'!$F$4:$F$1260, DATE(2026,8,24)+18*7+4, '02_SWEA_통합_코딩테스트_DB'!$J$4:$J$1260, "<>보류*") + COUNTIFS('02_SWEA_통합_코딩테스트_DB'!$G$4:$G$1260, DATE(2026,8,24)+18*7+4, '02_SWEA_통합_코딩테스트_DB'!$J$4:$J$1260, "<>보류*") + COUNTIFS('02_SWEA_통합_코딩테스트_DB'!$H$4:$H$1260, DATE(2026,8,24)+18*7+4, '02_SWEA_통합_코딩테스트_DB'!$J$4:$J$1260, "<>보류*") + COUNTIFS('02_SWEA_통합_코딩테스트_DB'!$I$4:$I$1260, DATE(2026,8,24)+18*7+4, '02_SWEA_통합_코딩테스트_DB'!$J$4:$J$1260, "<>보류*") + COUNTIF('03_보안기사_필기_DB'!$I$4:$M$100, DATE(2026,8,24)+18*7+4) + COUNTIF('04_보안기사_실기_DB'!$G$4:$I$30, DATE(2026,8,24)+18*7+4) + COUNTIF('08_빅분기_필기_DB'!$I$4:$K$34, DATE(2026,8,24)+18*7+4) + COUNTIF('09_빅분기_실기_DB'!$H$4:$I$25, DATE(2026,8,24)+18*7+4) | V15: =COUNTIFS('02_SWEA_통합_코딩테스트_DB'!$F$4:$F$1260, DATE(2026,8,24)+19*7+4, '02_SWEA_통합_코딩테스트_DB'!$J$4:$J$1260, "<>보류*") + COUNTIFS('02_SWEA_통합_코딩테스트_DB'!$G$4:$G$1260, DATE(2026,8,24)+19*7+4, '02_SWEA_통합_코딩테스트_DB'!$J$4:$J$1260, "<>보류*") + COUNTIFS('02_SWEA_통합_코딩테스트_DB'!$H$4:$H$1260, DATE(2026,8,24)+19*7+4, '02_SWEA_통합_코딩테스트_DB'!$J$4:$J$1260, "<>보류*") + COUNTIFS('02_SWEA_통합_코딩테스트_DB'!$I$4:$I$1260, DATE(2026,8,24)+19*7+4, '02_SWEA_통합_코딩테스트_DB'!$J$4:$J$1260, "<>보류*") + COUNTIF('03_보안기사_필기_DB'!$I$4:$M$100, DATE(2026,8,24)+19*7+4) + COUNTIF('04_보안기사_실기_DB'!$G$4:$I$30, DATE(2026,8,24)+19*7+4) + COUNTIF('08_빅분기_필기_DB'!$I$4:$K$34, DATE(2026,8,24)+19*7+4) + COUNTIF('09_빅분기_실기_DB'!$H$4:$I$25, DATE(2026,8,24)+19*7+4) | W15: =COUNTIFS('02_SWEA_통합_코딩테스트_DB'!$F$4:$F$1260, DATE(2026,8,24)+20*7+4, '02_SWEA_통합_코딩테스트_DB'!$J$4:$J$1260, "<>보류*") + COUNTIFS('02_SWEA_통합_코딩테스트_DB'!$G$4:$G$1260, DATE(2026,8,24)+20*7+4, '02_SWEA_통합_코딩테스트_DB'!$J$4:$J$1260, "<>보류*") + COUNTIFS('02_SWEA_통합_코딩테스트_DB'!$H$4:$H$1260, DATE(2026,8,24)+20*7+4, '02_SWEA_통합_코딩테스트_DB'!$J$4:$J$1260, "<>보류*") + COUNTIFS('02_SWEA_통합_코딩테스트_DB'!$I$4:$I$1260, DATE(2026,8,24)+20*7+4, '02_SWEA_통합_코딩테스트_DB'!$J$4:$J$1260, "<>보류*") + COUNTIF('03_보안기사_필기_DB'!$I$4:$M$100, DATE(2026,8,24)+20*7+4) + COUNTIF('04_보안기사_실기_DB'!$G$4:$I$30, DATE(2026,8,24)+20*7+4) + COUNTIF('08_빅분기_필기_DB'!$I$4:$K$34, DATE(2026,8,24)+20*7+4) + COUNTIF('09_빅분기_실기_DB'!$H$4:$I$25, DATE(2026,8,24)+20*7+4) | X15: =COUNTIFS('02_SWEA_통합_코딩테스트_DB'!$F$4:$F$1260, DATE(2026,8,24)+21*7+4, '02_SWEA_통합_코딩테스트_DB'!$J$4:$J$1260, "<>보류*") + COUNTIFS('02_SWEA_통합_코딩테스트_DB'!$G$4:$G$1260, DATE(2026,8,24)+21*7+4, '02_SWEA_통합_코딩테스트_DB'!$J$4:$J$1260, "<>보류*") + COUNTIFS('02_SWEA_통합_코딩테스트_DB'!$H$4:$H$1260, DATE(2026,8,24)+21*7+4, '02_SWEA_통합_코딩테스트_DB'!$J$4:$J$1260, "<>보류*") + COUNTIFS('02_SWEA_통합_코딩테스트_DB'!$I$4:$I$1260, DATE(2026,8,24)+21*7+4, '02_SWEA_통합_코딩테스트_DB'!$J$4:$J$1260, "<>보류*") + COUNTIF('03_보안기사_필기_DB'!$I$4:$M$100, DATE(2026,8,24)+21*7+4) + COUNTIF('04_보안기사_실기_DB'!$G$4:$I$30, DATE(2026,8,24)+21*7+4) + COUNTIF('08_빅분기_필기_DB'!$I$4:$K$34, DATE(2026,8,24)+21*7+4) + COUNTIF('09_빅분기_실기_DB'!$H$4:$I$25, DATE(2026,8,24)+21*7+4) | Y15: =COUNTIFS('02_SWEA_통합_코딩테스트_DB'!$F$4:$F$1260, DATE(2026,8,24)+22*7+4, '02_SWEA_통합_코딩테스트_DB'!$J$4:$J$1260, "<>보류*") + COUNTIFS('02_SWEA_통합_코딩테스트_DB'!$G$4:$G$1260, DATE(2026,8,24)+22*7+4, '02_SWEA_통합_코딩테스트_DB'!$J$4:$J$1260, "<>보류*") + COUNTIFS('02_SWEA_통합_코딩테스트_DB'!$H$4:$H$1260, DATE(2026,8,24)+22*7+4, '02_SWEA_통합_코딩테스트_DB'!$J$4:$J$1260, "<>보류*") + COUNTIFS('02_SWEA_통합_코딩테스트_DB'!$I$4:$I$1260, DATE(2026,8,24)+22*7+4, '02_SWEA_통합_코딩테스트_DB'!$J$4:$J$1260, "<>보류*") + COUNTIF('03_보안기사_필기_DB'!$I$4:$M$100, DATE(2026,8,24)+22*7+4) + COUNTIF('04_보안기사_실기_DB'!$G$4:$I$30, DATE(2026,8,24)+22*7+4) + COUNTIF('08_빅분기_필기_DB'!$I$4:$K$34, DATE(2026,8,24)+22*7+4) + COUNTIF('09_빅분기_실기_DB'!$H$4:$I$25, DATE(2026,8,24)+22*7+4) | Z15: =COUNTIFS('02_SWEA_통합_코딩테스트_DB'!$F$4:$F$1260, DATE(2026,8,24)+23*7+4, '02_SWEA_통합_코딩테스트_DB'!$J$4:$J$1260, "<>보류*") + COUNTIFS('02_SWEA_통합_코딩테스트_DB'!$G$4:$G$1260, DATE(2026,8,24)+23*7+4, '02_SWEA_통합_코딩테스트_DB'!$J$4:$J$1260, "<>보류*") + COUNTIFS('02_SWEA_통합_코딩테스트_DB'!$H$4:$H$1260, DATE(2026,8,24)+23*7+4, '02_SWEA_통합_코딩테스트_DB'!$J$4:$J$1260, "<>보류*") + COUNTIFS('02_SWEA_통합_코딩테스트_DB'!$I$4:$I$1260, DATE(2026,8,24)+23*7+4, '02_SWEA_통합_코딩테스트_DB'!$J$4:$J$1260, "<>보류*") + COUNTIF('03_보안기사_필기_DB'!$I$4:$M$100, DATE(2026,8,24)+23*7+4) + COUNTIF('04_보안기사_실기_DB'!$G$4:$I$30, DATE(2026,8,24)+23*7+4) + COUNTIF('08_빅분기_필기_DB'!$I$4:$K$34, DATE(2026,8,24)+23*7+4) + COUNTIF('09_빅분기_실기_DB'!$H$4:$I$25, DATE(2026,8,24)+23*7+4) | AA15: =COUNTIFS('02_SWEA_통합_코딩테스트_DB'!$F$4:$F$1260, DATE(2026,8,24)+24*7+4, '02_SWEA_통합_코딩테스트_DB'!$J$4:$J$1260, "<>보류*") + COUNTIFS('02_SWEA_통합_코딩테스트_DB'!$G$4:$G$1260, DATE(2026,8,24)+24*7+4, '02_SWEA_통합_코딩테스트_DB'!$J$4:$J$1260, "<>보류*") + COUNTIFS('02_SWEA_통합_코딩테스트_DB'!$H$4:$H$1260, DATE(2026,8,24)+24*7+4, '02_SWEA_통합_코딩테스트_DB'!$J$4:$J$1260, "<>보류*") + COUNTIFS('02_SWEA_통합_코딩테스트_DB'!$I$4:$I$1260, DATE(2026,8,24)+24*7+4, '02_SWEA_통합_코딩테스트_DB'!$J$4:$J$1260, "<>보류*") + COUNTIF('03_보안기사_필기_DB'!$I$4:$M$100, DATE(2026,8,24)+24*7+4) + COUNTIF('04_보안기사_실기_DB'!$G$4:$I$30, DATE(2026,8,24)+24*7+4) + COUNTIF('08_빅분기_필기_DB'!$I$4:$K$34, DATE(2026,8,24)+24*7+4) + COUNTIF('09_빅분기_실기_DB'!$H$4:$I$25, DATE(2026,8,24)+24*7+4) | AB15: =COUNTIFS('02_SWEA_통합_코딩테스트_DB'!$F$4:$F$1260, DATE(2026,8,24)+25*7+4, '02_SWEA_통합_코딩테스트_DB'!$J$4:$J$1260, "<>보류*") + COUNTIFS('02_SWEA_통합_코딩테스트_DB'!$G$4:$G$1260, DATE(2026,8,24)+25*7+4, '02_SWEA_통합_코딩테스트_DB'!$J$4:$J$1260, "<>보류*") + COUNTIFS('02_SWEA_통합_코딩테스트_DB'!$H$4:$H$1260, DATE(2026,8,24)+25*7+4, '02_SWEA_통합_코딩테스트_DB'!$J$4:$J$1260, "<>보류*") + COUNTIFS('02_SWEA_통합_코딩테스트_DB'!$I$4:$I$1260, DATE(2026,8,24)+25*7+4, '02_SWEA_통합_코딩테스트_DB'!$J$4:$J$1260, "<>보류*") + COUNTIF('03_보안기사_필기_DB'!$I$4:$M$100, DATE(2026,8,24)+25*7+4) + COUNTIF('04_보안기사_실기_DB'!$G$4:$I$30, DATE(2026,8,24)+25*7+4) + COUNTIF('08_빅분기_필기_DB'!$I$4:$K$34, DATE(2026,8,24)+25*7+4) + COUNTIF('09_빅분기_실기_DB'!$H$4:$I$25, DATE(2026,8,24)+25*7+4) | AC15: =COUNTIFS('02_SWEA_통합_코딩테스트_DB'!$F$4:$F$1260, DATE(2026,8,24)+26*7+4, '02_SWEA_통합_코딩테스트_DB'!$J$4:$J$1260, "<>보류*") + COUNTIFS('02_SWEA_통합_코딩테스트_DB'!$G$4:$G$1260, DATE(2026,8,24)+26*7+4, '02_SWEA_통합_코딩테스트_DB'!$J$4:$J$1260, "<>보류*") + COUNTIFS('02_SWEA_통합_코딩테스트_DB'!$H$4:$H$1260, DATE(2026,8,24)+26*7+4, '02_SWEA_통합_코딩테스트_DB'!$J$4:$J$1260, "<>보류*") + COUNTIFS('02_SWEA_통합_코딩테스트_DB'!$I$4:$I$1260, DATE(2026,8,24)+26*7+4, '02_SWEA_통합_코딩테스트_DB'!$J$4:$J$1260, "<>보류*") + COUNTIF('03_보안기사_필기_DB'!$I$4:$M$100, DATE(2026,8,24)+26*7+4) + COUNTIF('04_보안기사_실기_DB'!$G$4:$I$30, DATE(2026,8,24)+26*7+4) + COUNTIF('08_빅분기_필기_DB'!$I$4:$K$34, DATE(2026,8,24)+26*7+4) + COUNTIF('09_빅분기_실기_DB'!$H$4:$I$25, DATE(2026,8,24)+26*7+4) | AD15: =COUNTIFS('02_SWEA_통합_코딩테스트_DB'!$F$4:$F$1260, DATE(2026,8,24)+27*7+4, '02_SWEA_통합_코딩테스트_DB'!$J$4:$J$1260, "<>보류*") + COUNTIFS('02_SWEA_통합_코딩테스트_DB'!$G$4:$G$1260, DATE(2026,8,24)+27*7+4, '02_SWEA_통합_코딩테스트_DB'!$J$4:$J$1260, "<>보류*") + COUNTIFS('02_SWEA_통합_코딩테스트_DB'!$H$4:$H$1260, DATE(2026,8,24)+27*7+4, '02_SWEA_통합_코딩테스트_DB'!$J$4:$J$1260, "<>보류*") + COUNTIFS('02_SWEA_통합_코딩테스트_DB'!$I$4:$I$1260, DATE(2026,8,24)+27*7+4, '02_SWEA_통합_코딩테스트_DB'!$J$4:$J$1260, "<>보류*") + COUNTIF('03_보안기사_필기_DB'!$I$4:$M$100, DATE(2026,8,24)+27*7+4) + COUNTIF('04_보안기사_실기_DB'!$G$4:$I$30, DATE(2026,8,24)+27*7+4) + COUNTIF('08_빅분기_필기_DB'!$I$4:$K$34, DATE(2026,8,24)+27*7+4) + COUNTIF('09_빅분기_실기_DB'!$H$4:$I$25, DATE(2026,8,24)+27*7+4) | AE15: =COUNTIFS('02_SWEA_통합_코딩테스트_DB'!$F$4:$F$1260, DATE(2026,8,24)+28*7+4, '02_SWEA_통합_코딩테스트_DB'!$J$4:$J$1260, "<>보류*") + COUNTIFS('02_SWEA_통합_코딩테스트_DB'!$G$4:$G$1260, DATE(2026,8,24)+28*7+4, '02_SWEA_통합_코딩테스트_DB'!$J$4:$J$1260, "<>보류*") + COUNTIFS('02_SWEA_통합_코딩테스트_DB'!$H$4:$H$1260, DATE(2026,8,24)+28*7+4, '02_SWEA_통합_코딩테스트_DB'!$J$4:$J$1260, "<>보류*") + COUNTIFS('02_SWEA_통합_코딩테스트_DB'!$I$4:$I$1260, DATE(2026,8,24)+28*7+4, '02_SWEA_통합_코딩테스트_DB'!$J$4:$J$1260, "<>보류*") + COUNTIF('03_보안기사_필기_DB'!$I$4:$M$100, DATE(2026,8,24)+28*7+4) + COUNTIF('04_보안기사_실기_DB'!$G$4:$I$30, DATE(2026,8,24)+28*7+4) + COUNTIF('08_빅분기_필기_DB'!$I$4:$K$34, DATE(2026,8,24)+28*7+4) + COUNTIF('09_빅분기_실기_DB'!$H$4:$I$25, DATE(2026,8,24)+28*7+4) | AF15: =COUNTIFS('02_SWEA_통합_코딩테스트_DB'!$F$4:$F$1260, DATE(2026,8,24)+29*7+4, '02_SWEA_통합_코딩테스트_DB'!$J$4:$J$1260, "<>보류*") + COUNTIFS('02_SWEA_통합_코딩테스트_DB'!$G$4:$G$1260, DATE(2026,8,24)+29*7+4, '02_SWEA_통합_코딩테스트_DB'!$J$4:$J$1260, "<>보류*") + COUNTIFS('02_SWEA_통합_코딩테스트_DB'!$H$4:$H$1260, DATE(2026,8,24)+29*7+4, '02_SWEA_통합_코딩테스트_DB'!$J$4:$J$1260, "<>보류*") + COUNTIFS('02_SWEA_통합_코딩테스트_DB'!$I$4:$I$1260, DATE(2026,8,24)+29*7+4, '02_SWEA_통합_코딩테스트_DB'!$J$4:$J$1260, "<>보류*") + COUNTIF('03_보안기사_필기_DB'!$I$4:$M$100, DATE(2026,8,24)+29*7+4) + COUNTIF('04_보안기사_실기_DB'!$G$4:$I$30, DATE(2026,8,24)+29*7+4) + COUNTIF('08_빅분기_필기_DB'!$I$4:$K$34, DATE(2026,8,24)+29*7+4) + COUNTIF('09_빅분기_실기_DB'!$H$4:$I$25, DATE(2026,8,24)+29*7+4) | AG15: =COUNTIFS('02_SWEA_통합_코딩테스트_DB'!$F$4:$F$1260, DATE(2026,8,24)+30*7+4, '02_SWEA_통합_코딩테스트_DB'!$J$4:$J$1260, "<>보류*") + COUNTIFS('02_SWEA_통합_코딩테스트_DB'!$G$4:$G$1260, DATE(2026,8,24)+30*7+4, '02_SWEA_통합_코딩테스트_DB'!$J$4:$J$1260, "<>보류*") + COUNTIFS('02_SWEA_통합_코딩테스트_DB'!$H$4:$H$1260, DATE(2026,8,24)+30*7+4, '02_SWEA_통합_코딩테스트_DB'!$J$4:$J$1260, "<>보류*") + COUNTIFS('02_SWEA_통합_코딩테스트_DB'!$I$4:$I$1260, DATE(2026,8,24)+30*7+4, '02_SWEA_통합_코딩테스트_DB'!$J$4:$J$1260, "<>보류*") + COUNTIF('03_보안기사_필기_DB'!$I$4:$M$100, DATE(2026,8,24)+30*7+4) + COUNTIF('04_보안기사_실기_DB'!$G$4:$I$30, DATE(2026,8,24)+30*7+4) + COUNTIF('08_빅분기_필기_DB'!$I$4:$K$34, DATE(2026,8,24)+30*7+4) + COUNTIF('09_빅분기_실기_DB'!$H$4:$I$25, DATE(2026,8,24)+30*7+4) | AH15: =COUNTIFS('02_SWEA_통합_코딩테스트_DB'!$F$4:$F$1260, DATE(2026,8,24)+31*7+4, '02_SWEA_통합_코딩테스트_DB'!$J$4:$J$1260, "<>보류*") + COUNTIFS('02_SWEA_통합_코딩테스트_DB'!$G$4:$G$1260, DATE(2026,8,24)+31*7+4, '02_SWEA_통합_코딩테스트_DB'!$J$4:$J$1260, "<>보류*") + COUNTIFS('02_SWEA_통합_코딩테스트_DB'!$H$4:$H$1260, DATE(2026,8,24)+31*7+4, '02_SWEA_통합_코딩테스트_DB'!$J$4:$J$1260, "<>보류*") + COUNTIFS('02_SWEA_통합_코딩테스트_DB'!$I$4:$I$1260, DATE(2026,8,24)+31*7+4, '02_SWEA_통합_코딩테스트_DB'!$J$4:$J$1260, "<>보류*") + COUNTIF('03_보안기사_필기_DB'!$I$4:$M$100, DATE(2026,8,24)+31*7+4) + COUNTIF('04_보안기사_실기_DB'!$G$4:$I$30, DATE(2026,8,24)+31*7+4) + COUNTIF('08_빅분기_필기_DB'!$I$4:$K$34, DATE(2026,8,24)+31*7+4) + COUNTIF('09_빅분기_실기_DB'!$H$4:$I$25, DATE(2026,8,24)+31*7+4) | AI15: =COUNTIFS('02_SWEA_통합_코딩테스트_DB'!$F$4:$F$1260, DATE(2026,8,24)+32*7+4, '02_SWEA_통합_코딩테스트_DB'!$J$4:$J$1260, "<>보류*") + COUNTIFS('02_SWEA_통합_코딩테스트_DB'!$G$4:$G$1260, DATE(2026,8,24)+32*7+4, '02_SWEA_통합_코딩테스트_DB'!$J$4:$J$1260, "<>보류*") + COUNTIFS('02_SWEA_통합_코딩테스트_DB'!$H$4:$H$1260, DATE(2026,8,24)+32*7+4, '02_SWEA_통합_코딩테스트_DB'!$J$4:$J$1260, "<>보류*") + COUNTIFS('02_SWEA_통합_코딩테스트_DB'!$I$4:$I$1260, DATE(2026,8,24)+32*7+4, '02_SWEA_통합_코딩테스트_DB'!$J$4:$J$1260, "<>보류*") + COUNTIF('03_보안기사_필기_DB'!$I$4:$M$100, DATE(2026,8,24)+32*7+4) + COUNTIF('04_보안기사_실기_DB'!$G$4:$I$30, DATE(2026,8,24)+32*7+4) + COUNTIF('08_빅분기_필기_DB'!$I$4:$K$34, DATE(2026,8,24)+32*7+4) + COUNTIF('09_빅분기_실기_DB'!$H$4:$I$25, DATE(2026,8,24)+32*7+4) | AJ15: =COUNTIFS('02_SWEA_통합_코딩테스트_DB'!$F$4:$F$1260, DATE(2026,8,24)+33*7+4, '02_SWEA_통합_코딩테스트_DB'!$J$4:$J$1260, "<>보류*") + COUNTIFS('02_SWEA_통합_코딩테스트_DB'!$G$4:$G$1260, DATE(2026,8,24)+33*7+4, '02_SWEA_통합_코딩테스트_DB'!$J$4:$J$1260, "<>보류*") + COUNTIFS('02_SWEA_통합_코딩테스트_DB'!$H$4:$H$1260, DATE(2026,8,24)+33*7+4, '02_SWEA_통합_코딩테스트_DB'!$J$4:$J$1260, "<>보류*") + COUNTIFS('02_SWEA_통합_코딩테스트_DB'!$I$4:$I$1260, DATE(2026,8,24)+33*7+4, '02_SWEA_통합_코딩테스트_DB'!$J$4:$J$1260, "<>보류*") + COUNTIF('03_보안기사_필기_DB'!$I$4:$M$100, DATE(2026,8,24)+33*7+4) + COUNTIF('04_보안기사_실기_DB'!$G$4:$I$30, DATE(2026,8,24)+33*7+4) + COUNTIF('08_빅분기_필기_DB'!$I$4:$K$34, DATE(2026,8,24)+33*7+4) + COUNTIF('09_빅분기_실기_DB'!$H$4:$I$25, DATE(2026,8,24)+33*7+4) | AK15: =COUNTIFS('02_SWEA_통합_코딩테스트_DB'!$F$4:$F$1260, DATE(2026,8,24)+34*7+4, '02_SWEA_통합_코딩테스트_DB'!$J$4:$J$1260, "<>보류*") + COUNTIFS('02_SWEA_통합_코딩테스트_DB'!$G$4:$G$1260, DATE(2026,8,24)+34*7+4, '02_SWEA_통합_코딩테스트_DB'!$J$4:$J$1260, "<>보류*") + COUNTIFS('02_SWEA_통합_코딩테스트_DB'!$H$4:$H$1260, DATE(2026,8,24)+34*7+4, '02_SWEA_통합_코딩테스트_DB'!$J$4:$J$1260, "<>보류*") + COUNTIFS('02_SWEA_통합_코딩테스트_DB'!$I$4:$I$1260, DATE(2026,8,24)+34*7+4, '02_SWEA_통합_코딩테스트_DB'!$J$4:$J$1260, "<>보류*") + COUNTIF('03_보안기사_필기_DB'!$I$4:$M$100, DATE(2026,8,24)+34*7+4) + COUNTIF('04_보안기사_실기_DB'!$G$4:$I$30, DATE(2026,8,24)+34*7+4) + COUNTIF('08_빅분기_필기_DB'!$I$4:$K$34, DATE(2026,8,24)+34*7+4) + COUNTIF('09_빅분기_실기_DB'!$H$4:$I$25, DATE(2026,8,24)+34*7+4) | AL15: =COUNTIFS('02_SWEA_통합_코딩테스트_DB'!$F$4:$F$1260, DATE(2026,8,24)+35*7+4, '02_SWEA_통합_코딩테스트_DB'!$J$4:$J$1260, "<>보류*") + COUNTIFS('02_SWEA_통합_코딩테스트_DB'!$G$4:$G$1260, DATE(2026,8,24)+35*7+4, '02_SWEA_통합_코딩테스트_DB'!$J$4:$J$1260, "<>보류*") + COUNTIFS('02_SWEA_통합_코딩테스트_DB'!$H$4:$H$1260, DATE(2026,8,24)+35*7+4, '02_SWEA_통합_코딩테스트_DB'!$J$4:$J$1260, "<>보류*") + COUNTIFS('02_SWEA_통합_코딩테스트_DB'!$I$4:$I$1260, DATE(2026,8,24)+35*7+4, '02_SWEA_통합_코딩테스트_DB'!$J$4:$J$1260, "<>보류*") + COUNTIF('03_보안기사_필기_DB'!$I$4:$M$100, DATE(2026,8,24)+35*7+4) + COUNTIF('04_보안기사_실기_DB'!$G$4:$I$30, DATE(2026,8,24)+35*7+4) + COUNTIF('08_빅분기_필기_DB'!$I$4:$K$34, DATE(2026,8,24)+35*7+4) + COUNTIF('09_빅분기_실기_DB'!$H$4:$I$25, DATE(2026,8,24)+35*7+4) | AM15: =COUNTIFS('02_SWEA_통합_코딩테스트_DB'!$F$4:$F$1260, DATE(2026,8,24)+36*7+4, '02_SWEA_통합_코딩테스트_DB'!$J$4:$J$1260, "<>보류*") + COUNTIFS('02_SWEA_통합_코딩테스트_DB'!$G$4:$G$1260, DATE(2026,8,24)+36*7+4, '02_SWEA_통합_코딩테스트_DB'!$J$4:$J$1260, "<>보류*") + COUNTIFS('02_SWEA_통합_코딩테스트_DB'!$H$4:$H$1260, DATE(2026,8,24)+36*7+4, '02_SWEA_통합_코딩테스트_DB'!$J$4:$J$1260, "<>보류*") + COUNTIFS('02_SWEA_통합_코딩테스트_DB'!$I$4:$I$1260, DATE(2026,8,24)+36*7+4, '02_SWEA_통합_코딩테스트_DB'!$J$4:$J$1260, "<>보류*") + COUNTIF('03_보안기사_필기_DB'!$I$4:$M$100, DATE(2026,8,24)+36*7+4) + COUNTIF('04_보안기사_실기_DB'!$G$4:$I$30, DATE(2026,8,24)+36*7+4) + COUNTIF('08_빅분기_필기_DB'!$I$4:$K$34, DATE(2026,8,24)+36*7+4) + COUNTIF('09_빅분기_실기_DB'!$H$4:$I$25, DATE(2026,8,24)+36*7+4) | AN15: =COUNTIFS('02_SWEA_통합_코딩테스트_DB'!$F$4:$F$1260, DATE(2026,8,24)+37*7+4, '02_SWEA_통합_코딩테스트_DB'!$J$4:$J$1260, "<>보류*") + COUNTIFS('02_SWEA_통합_코딩테스트_DB'!$G$4:$G$1260, DATE(2026,8,24)+37*7+4, '02_SWEA_통합_코딩테스트_DB'!$J$4:$J$1260, "<>보류*") + COUNTIFS('02_SWEA_통합_코딩테스트_DB'!$H$4:$H$1260, DATE(2026,8,24)+37*7+4, '02_SWEA_통합_코딩테스트_DB'!$J$4:$J$1260, "<>보류*") + COUNTIFS('02_SWEA_통합_코딩테스트_DB'!$I$4:$I$1260, DATE(2026,8,24)+37*7+4, '02_SWEA_통합_코딩테스트_DB'!$J$4:$J$1260, "<>보류*") + COUNTIF('03_보안기사_필기_DB'!$I$4:$M$100, DATE(2026,8,24)+37*7+4) + COUNTIF('04_보안기사_실기_DB'!$G$4:$I$30, DATE(2026,8,24)+37*7+4) + COUNTIF('08_빅분기_필기_DB'!$I$4:$K$34, DATE(2026,8,24)+37*7+4) + COUNTIF('09_빅분기_실기_DB'!$H$4:$I$25, DATE(2026,8,24)+37*7+4) | AO15: =COUNTIFS('02_SWEA_통합_코딩테스트_DB'!$F$4:$F$1260, DATE(2026,8,24)+38*7+4, '02_SWEA_통합_코딩테스트_DB'!$J$4:$J$1260, "<>보류*") + COUNTIFS('02_SWEA_통합_코딩테스트_DB'!$G$4:$G$1260, DATE(2026,8,24)+38*7+4, '02_SWEA_통합_코딩테스트_DB'!$J$4:$J$1260, "<>보류*") + COUNTIFS('02_SWEA_통합_코딩테스트_DB'!$H$4:$H$1260, DATE(2026,8,24)+38*7+4, '02_SWEA_통합_코딩테스트_DB'!$J$4:$J$1260, "<>보류*") + COUNTIFS('02_SWEA_통합_코딩테스트_DB'!$I$4:$I$1260, DATE(2026,8,24)+38*7+4, '02_SWEA_통합_코딩테스트_DB'!$J$4:$J$1260, "<>보류*") + COUNTIF('03_보안기사_필기_DB'!$I$4:$M$100, DATE(2026,8,24)+38*7+4) + COUNTIF('04_보안기사_실기_DB'!$G$4:$I$30, DATE(2026,8,24)+38*7+4) + COUNTIF('08_빅분기_필기_DB'!$I$4:$K$34, DATE(2026,8,24)+38*7+4) + COUNTIF('09_빅분기_실기_DB'!$H$4:$I$25, DATE(2026,8,24)+38*7+4) | AP15: =COUNTIFS('02_SWEA_통합_코딩테스트_DB'!$F$4:$F$1260, DATE(2026,8,24)+39*7+4, '02_SWEA_통합_코딩테스트_DB'!$J$4:$J$1260, "<>보류*") + COUNTIFS('02_SWEA_통합_코딩테스트_DB'!$G$4:$G$1260, DATE(2026,8,24)+39*7+4, '02_SWEA_통합_코딩테스트_DB'!$J$4:$J$1260, "<>보류*") + COUNTIFS('02_SWEA_통합_코딩테스트_DB'!$H$4:$H$1260, DATE(2026,8,24)+39*7+4, '02_SWEA_통합_코딩테스트_DB'!$J$4:$J$1260, "<>보류*") + COUNTIFS('02_SWEA_통합_코딩테스트_DB'!$I$4:$I$1260, DATE(2026,8,24)+39*7+4, '02_SWEA_통합_코딩테스트_DB'!$J$4:$J$1260, "<>보류*") + COUNTIF('03_보안기사_필기_DB'!$I$4:$M$100, DATE(2026,8,24)+39*7+4) + COUNTIF('04_보안기사_실기_DB'!$G$4:$I$30, DATE(2026,8,24)+39*7+4) + COUNTIF('08_빅분기_필기_DB'!$I$4:$K$34, DATE(2026,8,24)+39*7+4) + COUNTIF('09_빅분기_실기_DB'!$H$4:$I$25, DATE(2026,8,24)+39*7+4) | AQ15: =COUNTIFS('02_SWEA_통합_코딩테스트_DB'!$F$4:$F$1260, DATE(2026,8,24)+40*7+4, '02_SWEA_통합_코딩테스트_DB'!$J$4:$J$1260, "<>보류*") + COUNTIFS('02_SWEA_통합_코딩테스트_DB'!$G$4:$G$1260, DATE(2026,8,24)+40*7+4, '02_SWEA_통합_코딩테스트_DB'!$J$4:$J$1260, "<>보류*") + COUNTIFS('02_SWEA_통합_코딩테스트_DB'!$H$4:$H$1260, DATE(2026,8,24)+40*7+4, '02_SWEA_통합_코딩테스트_DB'!$J$4:$J$1260, "<>보류*") + COUNTIFS('02_SWEA_통합_코딩테스트_DB'!$I$4:$I$1260, DATE(2026,8,24)+40*7+4, '02_SWEA_통합_코딩테스트_DB'!$J$4:$J$1260, "<>보류*") + COUNTIF('03_보안기사_필기_DB'!$I$4:$M$100, DATE(2026,8,24)+40*7+4) + COUNTIF('04_보안기사_실기_DB'!$G$4:$I$30, DATE(2026,8,24)+40*7+4) + COUNTIF('08_빅분기_필기_DB'!$I$4:$K$34, DATE(2026,8,24)+40*7+4) + COUNTIF('09_빅분기_실기_DB'!$H$4:$I$25, DATE(2026,8,24)+40*7+4) | AR15: =COUNTIFS('02_SWEA_통합_코딩테스트_DB'!$F$4:$F$1260, DATE(2026,8,24)+41*7+4, '02_SWEA_통합_코딩테스트_DB'!$J$4:$J$1260, "<>보류*") + COUNTIFS('02_SWEA_통합_코딩테스트_DB'!$G$4:$G$1260, DATE(2026,8,24)+41*7+4, '02_SWEA_통합_코딩테스트_DB'!$J$4:$J$1260, "<>보류*") + COUNTIFS('02_SWEA_통합_코딩테스트_DB'!$H$4:$H$1260, DATE(2026,8,24)+41*7+4, '02_SWEA_통합_코딩테스트_DB'!$J$4:$J$1260, "<>보류*") + COUNTIFS('02_SWEA_통합_코딩테스트_DB'!$I$4:$I$1260, DATE(2026,8,24)+41*7+4, '02_SWEA_통합_코딩테스트_DB'!$J$4:$J$1260, "<>보류*") + COUNTIF('03_보안기사_필기_DB'!$I$4:$M$100, DATE(2026,8,24)+41*7+4) + COUNTIF('04_보안기사_실기_DB'!$G$4:$I$30, DATE(2026,8,24)+41*7+4) + COUNTIF('08_빅분기_필기_DB'!$I$4:$K$34, DATE(2026,8,24)+41*7+4) + COUNTIF('09_빅분기_실기_DB'!$H$4:$I$25, DATE(2026,8,24)+41*7+4) | AS15: =COUNTIFS('02_SWEA_통합_코딩테스트_DB'!$F$4:$F$1260, DATE(2026,8,24)+42*7+4, '02_SWEA_통합_코딩테스트_DB'!$J$4:$J$1260, "<>보류*") + COUNTIFS('02_SWEA_통합_코딩테스트_DB'!$G$4:$G$1260, DATE(2026,8,24)+42*7+4, '02_SWEA_통합_코딩테스트_DB'!$J$4:$J$1260, "<>보류*") + COUNTIFS('02_SWEA_통합_코딩테스트_DB'!$H$4:$H$1260, DATE(2026,8,24)+42*7+4, '02_SWEA_통합_코딩테스트_DB'!$J$4:$J$1260, "<>보류*") + COUNTIFS('02_SWEA_통합_코딩테스트_DB'!$I$4:$I$1260, DATE(2026,8,24)+42*7+4, '02_SWEA_통합_코딩테스트_DB'!$J$4:$J$1260, "<>보류*") + COUNTIF('03_보안기사_필기_DB'!$I$4:$M$100, DATE(2026,8,24)+42*7+4) + COUNTIF('04_보안기사_실기_DB'!$G$4:$I$30, DATE(2026,8,24)+42*7+4) + COUNTIF('08_빅분기_필기_DB'!$I$4:$K$34, DATE(2026,8,24)+42*7+4) + COUNTIF('09_빅분기_실기_DB'!$H$4:$I$25, DATE(2026,8,24)+42*7+4) | AT15: =COUNTIFS('02_SWEA_통합_코딩테스트_DB'!$F$4:$F$1260, DATE(2026,8,24)+43*7+4, '02_SWEA_통합_코딩테스트_DB'!$J$4:$J$1260, "<>보류*") + COUNTIFS('02_SWEA_통합_코딩테스트_DB'!$G$4:$G$1260, DATE(2026,8,24)+43*7+4, '02_SWEA_통합_코딩테스트_DB'!$J$4:$J$1260, "<>보류*") + COUNTIFS('02_SWEA_통합_코딩테스트_DB'!$H$4:$H$1260, DATE(2026,8,24)+43*7+4, '02_SWEA_통합_코딩테스트_DB'!$J$4:$J$1260, "<>보류*") + COUNTIFS('02_SWEA_통합_코딩테스트_DB'!$I$4:$I$1260, DATE(2026,8,24)+43*7+4, '02_SWEA_통합_코딩테스트_DB'!$J$4:$J$1260, "<>보류*") + COUNTIF('03_보안기사_필기_DB'!$I$4:$M$100, DATE(2026,8,24)+43*7+4) + COUNTIF('04_보안기사_실기_DB'!$G$4:$I$30, DATE(2026,8,24)+43*7+4) + COUNTIF('08_빅분기_필기_DB'!$I$4:$K$34, DATE(2026,8,24)+43*7+4) + COUNTIF('09_빅분기_실기_DB'!$H$4:$I$25, DATE(2026,8,24)+43*7+4) | AU15: =COUNTIFS('02_SWEA_통합_코딩테스트_DB'!$F$4:$F$1260, DATE(2026,8,24)+44*7+4, '02_SWEA_통합_코딩테스트_DB'!$J$4:$J$1260, "<>보류*") + COUNTIFS('02_SWEA_통합_코딩테스트_DB'!$G$4:$G$1260, DATE(2026,8,24)+44*7+4, '02_SWEA_통합_코딩테스트_DB'!$J$4:$J$1260, "<>보류*") + COUNTIFS('02_SWEA_통합_코딩테스트_DB'!$H$4:$H$1260, DATE(2026,8,24)+44*7+4, '02_SWEA_통합_코딩테스트_DB'!$J$4:$J$1260, "<>보류*") + COUNTIFS('02_SWEA_통합_코딩테스트_DB'!$I$4:$I$1260, DATE(2026,8,24)+44*7+4, '02_SWEA_통합_코딩테스트_DB'!$J$4:$J$1260, "<>보류*") + COUNTIF('03_보안기사_필기_DB'!$I$4:$M$100, DATE(2026,8,24)+44*7+4) + COUNTIF('04_보안기사_실기_DB'!$G$4:$I$30, DATE(2026,8,24)+44*7+4) + COUNTIF('08_빅분기_필기_DB'!$I$4:$K$34, DATE(2026,8,24)+44*7+4) + COUNTIF('09_빅분기_실기_DB'!$H$4:$I$25, DATE(2026,8,24)+44*7+4) | AV15: =COUNTIFS('02_SWEA_통합_코딩테스트_DB'!$F$4:$F$1260, DATE(2026,8,24)+45*7+4, '02_SWEA_통합_코딩테스트_DB'!$J$4:$J$1260, "<>보류*") + COUNTIFS('02_SWEA_통합_코딩테스트_DB'!$G$4:$G$1260, DATE(2026,8,24)+45*7+4, '02_SWEA_통합_코딩테스트_DB'!$J$4:$J$1260, "<>보류*") + COUNTIFS('02_SWEA_통합_코딩테스트_DB'!$H$4:$H$1260, DATE(2026,8,24)+45*7+4, '02_SWEA_통합_코딩테스트_DB'!$J$4:$J$1260, "<>보류*") + COUNTIFS('02_SWEA_통합_코딩테스트_DB'!$I$4:$I$1260, DATE(2026,8,24)+45*7+4, '02_SWEA_통합_코딩테스트_DB'!$J$4:$J$1260, "<>보류*") + COUNTIF('03_보안기사_필기_DB'!$I$4:$M$100, DATE(2026,8,24)+45*7+4) + COUNTIF('04_보안기사_실기_DB'!$G$4:$I$30, DATE(2026,8,24)+45*7+4) + COUNTIF('08_빅분기_필기_DB'!$I$4:$K$34, DATE(2026,8,24)+45*7+4) + COUNTIF('09_빅분기_실기_DB'!$H$4:$I$25, DATE(2026,8,24)+45*7+4) | AW15: =COUNTIFS('02_SWEA_통합_코딩테스트_DB'!$F$4:$F$1260, DATE(2026,8,24)+46*7+4, '02_SWEA_통합_코딩테스트_DB'!$J$4:$J$1260, "<>보류*") + COUNTIFS('02_SWEA_통합_코딩테스트_DB'!$G$4:$G$1260, DATE(2026,8,24)+46*7+4, '02_SWEA_통합_코딩테스트_DB'!$J$4:$J$1260, "<>보류*") + COUNTIFS('02_SWEA_통합_코딩테스트_DB'!$H$4:$H$1260, DATE(2026,8,24)+46*7+4, '02_SWEA_통합_코딩테스트_DB'!$J$4:$J$1260, "<>보류*") + COUNTIFS('02_SWEA_통합_코딩테스트_DB'!$I$4:$I$1260, DATE(2026,8,24)+46*7+4, '02_SWEA_통합_코딩테스트_DB'!$J$4:$J$1260, "<>보류*") + COUNTIF('03_보안기사_필기_DB'!$I$4:$M$100, DATE(2026,8,24)+46*7+4) + COUNTIF('04_보안기사_실기_DB'!$G$4:$I$30, DATE(2026,8,24)+46*7+4) + COUNTIF('08_빅분기_필기_DB'!$I$4:$K$34, DATE(2026,8,24)+46*7+4) + COUNTIF('09_빅분기_실기_DB'!$H$4:$I$25, DATE(2026,8,24)+46*7+4) | AX15: =COUNTIFS('02_SWEA_통합_코딩테스트_DB'!$F$4:$F$1260, DATE(2026,8,24)+47*7+4, '02_SWEA_통합_코딩테스트_DB'!$J$4:$J$1260, "<>보류*") + COUNTIFS('02_SWEA_통합_코딩테스트_DB'!$G$4:$G$1260, DATE(2026,8,24)+47*7+4, '02_SWEA_통합_코딩테스트_DB'!$J$4:$J$1260, "<>보류*") + COUNTIFS('02_SWEA_통합_코딩테스트_DB'!$H$4:$H$1260, DATE(2026,8,24)+47*7+4, '02_SWEA_통합_코딩테스트_DB'!$J$4:$J$1260, "<>보류*") + COUNTIFS('02_SWEA_통합_코딩테스트_DB'!$I$4:$I$1260, DATE(2026,8,24)+47*7+4, '02_SWEA_통합_코딩테스트_DB'!$J$4:$J$1260, "<>보류*") + COUNTIF('03_보안기사_필기_DB'!$I$4:$M$100, DATE(2026,8,24)+47*7+4) + COUNTIF('04_보안기사_실기_DB'!$G$4:$I$30, DATE(2026,8,24)+47*7+4) + COUNTIF('08_빅분기_필기_DB'!$I$4:$K$34, DATE(2026,8,24)+47*7+4) + COUNTIF('09_빅분기_실기_DB'!$H$4:$I$25, DATE(2026,8,24)+47*7+4) | AY15: =COUNTIFS('02_SWEA_통합_코딩테스트_DB'!$F$4:$F$1260, DATE(2026,8,24)+48*7+4, '02_SWEA_통합_코딩테스트_DB'!$J$4:$J$1260, "<>보류*") + COUNTIFS('02_SWEA_통합_코딩테스트_DB'!$G$4:$G$1260, DATE(2026,8,24)+48*7+4, '02_SWEA_통합_코딩테스트_DB'!$J$4:$J$1260, "<>보류*") + COUNTIFS('02_SWEA_통합_코딩테스트_DB'!$H$4:$H$1260, DATE(2026,8,24)+48*7+4, '02_SWEA_통합_코딩테스트_DB'!$J$4:$J$1260, "<>보류*") + COUNTIFS('02_SWEA_통합_코딩테스트_DB'!$I$4:$I$1260, DATE(2026,8,24)+48*7+4, '02_SWEA_통합_코딩테스트_DB'!$J$4:$J$1260, "<>보류*") + COUNTIF('03_보안기사_필기_DB'!$I$4:$M$100, DATE(2026,8,24)+48*7+4) + COUNTIF('04_보안기사_실기_DB'!$G$4:$I$30, DATE(2026,8,24)+48*7+4) + COUNTIF('08_빅분기_필기_DB'!$I$4:$K$34, DATE(2026,8,24)+48*7+4) + COUNTIF('09_빅분기_실기_DB'!$H$4:$I$25, DATE(2026,8,24)+48*7+4) | AZ15: =COUNTIFS('02_SWEA_통합_코딩테스트_DB'!$F$4:$F$1260, DATE(2026,8,24)+49*7+4, '02_SWEA_통합_코딩테스트_DB'!$J$4:$J$1260, "<>보류*") + COUNTIFS('02_SWEA_통합_코딩테스트_DB'!$G$4:$G$1260, DATE(2026,8,24)+49*7+4, '02_SWEA_통합_코딩테스트_DB'!$J$4:$J$1260, "<>보류*") + COUNTIFS('02_SWEA_통합_코딩테스트_DB'!$H$4:$H$1260, DATE(2026,8,24)+49*7+4, '02_SWEA_통합_코딩테스트_DB'!$J$4:$J$1260, "<>보류*") + COUNTIFS('02_SWEA_통합_코딩테스트_DB'!$I$4:$I$1260, DATE(2026,8,24)+49*7+4, '02_SWEA_통합_코딩테스트_DB'!$J$4:$J$1260, "<>보류*") + COUNTIF('03_보안기사_필기_DB'!$I$4:$M$100, DATE(2026,8,24)+49*7+4) + COUNTIF('04_보안기사_실기_DB'!$G$4:$I$30, DATE(2026,8,24)+49*7+4) + COUNTIF('08_빅분기_필기_DB'!$I$4:$K$34, DATE(2026,8,24)+49*7+4) + COUNTIF('09_빅분기_실기_DB'!$H$4:$I$25, DATE(2026,8,24)+49*7+4) | BA15: =COUNTIFS('02_SWEA_통합_코딩테스트_DB'!$F$4:$F$1260, DATE(2026,8,24)+50*7+4, '02_SWEA_통합_코딩테스트_DB'!$J$4:$J$1260, "<>보류*") + COUNTIFS('02_SWEA_통합_코딩테스트_DB'!$G$4:$G$1260, DATE(2026,8,24)+50*7+4, '02_SWEA_통합_코딩테스트_DB'!$J$4:$J$1260, "<>보류*") + COUNTIFS('02_SWEA_통합_코딩테스트_DB'!$H$4:$H$1260, DATE(2026,8,24)+50*7+4, '02_SWEA_통합_코딩테스트_DB'!$J$4:$J$1260, "<>보류*") + COUNTIFS('02_SWEA_통합_코딩테스트_DB'!$I$4:$I$1260, DATE(2026,8,24)+50*7+4, '02_SWEA_통합_코딩테스트_DB'!$J$4:$J$1260, "<>보류*") + COUNTIF('03_보안기사_필기_DB'!$I$4:$M$100, DATE(2026,8,24)+50*7+4) + COUNTIF('04_보안기사_실기_DB'!$G$4:$I$30, DATE(2026,8,24)+50*7+4) + COUNTIF('08_빅분기_필기_DB'!$I$4:$K$34, DATE(2026,8,24)+50*7+4) + COUNTIF('09_빅분기_실기_DB'!$H$4:$I$25, DATE(2026,8,24)+50*7+4) | BB15: =COUNTIFS('02_SWEA_통합_코딩테스트_DB'!$F$4:$F$1260, DATE(2026,8,24)+51*7+4, '02_SWEA_통합_코딩테스트_DB'!$J$4:$J$1260, "<>보류*") + COUNTIFS('02_SWEA_통합_코딩테스트_DB'!$G$4:$G$1260, DATE(2026,8,24)+51*7+4, '02_SWEA_통합_코딩테스트_DB'!$J$4:$J$1260, "<>보류*") + COUNTIFS('02_SWEA_통합_코딩테스트_DB'!$H$4:$H$1260, DATE(2026,8,24)+51*7+4, '02_SWEA_통합_코딩테스트_DB'!$J$4:$J$1260, "<>보류*") + COUNTIFS('02_SWEA_통합_코딩테스트_DB'!$I$4:$I$1260, DATE(2026,8,24)+51*7+4, '02_SWEA_통합_코딩테스트_DB'!$J$4:$J$1260, "<>보류*") + COUNTIF('03_보안기사_필기_DB'!$I$4:$M$100, DATE(2026,8,24)+51*7+4) + COUNTIF('04_보안기사_실기_DB'!$G$4:$I$30, DATE(2026,8,24)+51*7+4) + COUNTIF('08_빅분기_필기_DB'!$I$4:$K$34, DATE(2026,8,24)+51*7+4) + COUNTIF('09_빅분기_실기_DB'!$H$4:$I$25, DATE(2026,8,24)+51*7+4) | BC15: =COUNTIFS('02_SWEA_통합_코딩테스트_DB'!$F$4:$F$1260, DATE(2026,8,24)+52*7+4, '02_SWEA_통합_코딩테스트_DB'!$J$4:$J$1260, "<>보류*") + COUNTIFS('02_SWEA_통합_코딩테스트_DB'!$G$4:$G$1260, DATE(2026,8,24)+52*7+4, '02_SWEA_통합_코딩테스트_DB'!$J$4:$J$1260, "<>보류*") + COUNTIFS('02_SWEA_통합_코딩테스트_DB'!$H$4:$H$1260, DATE(2026,8,24)+52*7+4, '02_SWEA_통합_코딩테스트_DB'!$J$4:$J$1260, "<>보류*") + COUNTIFS('02_SWEA_통합_코딩테스트_DB'!$I$4:$I$1260, DATE(2026,8,24)+52*7+4, '02_SWEA_통합_코딩테스트_DB'!$J$4:$J$1260, "<>보류*") + COUNTIF('03_보안기사_필기_DB'!$I$4:$M$100, DATE(2026,8,24)+52*7+4) + COUNTIF('04_보안기사_실기_DB'!$G$4:$I$30, DATE(2026,8,24)+52*7+4)
